X,y
~/projects/pascalvoc-training/dataset/pascalvoc/VOCdevkit/VOC2012/JPEGImages/2007_000032.jpg,~/projects/pascalvoc-training/dataset/pascalvoc/VOCdevkit/VOC2012/SegmentationClass/2007_000032.png
~/projects/pascalvoc-training/dataset/pascalvoc/VOCdevkit/VOC2012/JPEGImages/2007_000039.jpg,~/projects/pascalvoc-training/dataset/pascalvoc/VOCdevkit/VOC2012/SegmentationClass/2007_000039.png
~/projects/pascalvoc-training/dataset/pascalvoc/VOCdevkit/VOC2012/JPEGImages/2007_000063.jpg,~/projects/pascalvoc-training/dataset/pascalvoc/VOCdevkit/VOC2012/SegmentationClass/2007_000063.png
~/projects/pascalvoc-training/dataset/pascalvoc/VOCdevkit/VOC2012/JPEGImages/2007_000068.jpg,~/projects/pascalvoc-training/dataset/pascalvoc/VOCdevkit/VOC2012/SegmentationClass/2007_000068.png
~/projects/pascalvoc-training/dataset/pascalvoc/VOCdevkit/VOC2012/JPEGImages/2007_000121.jpg,~/projects/pascalvoc-training/dataset/pascalvoc/VOCdevkit/VOC2012/SegmentationClass/2007_000121.png
~/projects/pascalvoc-training/dataset/pascalvoc/VOCdevkit/VOC2012/JPEGImages/2007_000170.jpg,~/projects/pascalvoc-training/dataset/pascalvoc/VOCdevkit/VOC2012/SegmentationClass/2007_000170.png
~/projects/pascalvoc-training/dataset/pascalvoc/VOCdevkit/VOC2012/JPEGImages/2007_000241.jpg,~/projects/pascalvoc-training/dataset/pascalvoc/VOCdevkit/VOC2012/SegmentationClass/2007_000241.png
~/projects/pascalvoc-training/dataset/pascalvoc/VOCdevkit/VOC2012/JPEGImages/2007_000243.jpg,~/projects/pascalvoc-training/dataset/pascalvoc/VOCdevkit/VOC2012/SegmentationClass/2007_000243.png
~/projects/pascalvoc-training/dataset/pascalvoc/VOCdevkit/VOC2012/JPEGImages/2007_000250.jpg,~/projects/pascalvoc-training/dataset/pascalvoc/VOCdevkit/VOC2012/SegmentationClass/2007_000250.png
~/projects/pascalvoc-training/dataset/pascalvoc/VOCdevkit/VOC2012/JPEGImages/2007_000256.jpg,~/projects/pascalvoc-training/dataset/pascalvoc/VOCdevkit/VOC2012/SegmentationClass/2007_000256.png
~/projects/pascalvoc-training/dataset/pascalvoc/VOCdevkit/VOC2012/JPEGImages/2007_000333.jpg,~/projects/pascalvoc-training/dataset/pascalvoc/VOCdevkit/VOC2012/SegmentationClass/2007_000333.png
~/projects/pascalvoc-training/dataset/pascalvoc/VOCdevkit/VOC2012/JPEGImages/2007_000363.jpg,~/projects/pascalvoc-training/dataset/pascalvoc/VOCdevkit/VOC2012/SegmentationClass/2007_000363.png
~/projects/pascalvoc-training/dataset/pascalvoc/VOCdevkit/VOC2012/JPEGImages/2007_000364.jpg,~/projects/pascalvoc-training/dataset/pascalvoc/VOCdevkit/VOC2012/SegmentationClass/2007_000364.png
~/projects/pascalvoc-training/dataset/pascalvoc/VOCdevkit/VOC2012/JPEGImages/2007_000392.jpg,~/projects/pascalvoc-training/dataset/pascalvoc/VOCdevkit/VOC2012/SegmentationClass/2007_000392.png
~/projects/pascalvoc-training/dataset/pascalvoc/VOCdevkit/VOC2012/JPEGImages/2007_000480.jpg,~/projects/pascalvoc-training/dataset/pascalvoc/VOCdevkit/VOC2012/SegmentationClass/2007_000480.png
~/projects/pascalvoc-training/dataset/pascalvoc/VOCdevkit/VOC2012/JPEGImages/2007_000504.jpg,~/projects/pascalvoc-training/dataset/pascalvoc/VOCdevkit/VOC2012/SegmentationClass/2007_000504.png
~/projects/pascalvoc-training/dataset/pascalvoc/VOCdevkit/VOC2012/JPEGImages/2007_000515.jpg,~/projects/pascalvoc-training/dataset/pascalvoc/VOCdevkit/VOC2012/SegmentationClass/2007_000515.png
~/projects/pascalvoc-training/dataset/pascalvoc/VOCdevkit/VOC2012/JPEGImages/2007_000528.jpg,~/projects/pascalvoc-training/dataset/pascalvoc/VOCdevkit/VOC2012/SegmentationClass/2007_000528.png
~/projects/pascalvoc-training/dataset/pascalvoc/VOCdevkit/VOC2012/JPEGImages/2007_000549.jpg,~/projects/pascalvoc-training/dataset/pascalvoc/VOCdevkit/VOC2012/SegmentationClass/2007_000549.png
~/projects/pascalvoc-training/dataset/pascalvoc/VOCdevkit/VOC2012/JPEGImages/2007_000584.jpg,~/projects/pascalvoc-training/dataset/pascalvoc/VOCdevkit/VOC2012/SegmentationClass/2007_000584.png
~/projects/pascalvoc-training/dataset/pascalvoc/VOCdevkit/VOC2012/JPEGImages/2007_000645.jpg,~/projects/pascalvoc-training/dataset/pascalvoc/VOCdevkit/VOC2012/SegmentationClass/2007_000645.png
~/projects/pascalvoc-training/dataset/pascalvoc/VOCdevkit/VOC2012/JPEGImages/2007_000648.jpg,~/projects/pascalvoc-training/dataset/pascalvoc/VOCdevkit/VOC2012/SegmentationClass/2007_000648.png
~/projects/pascalvoc-training/dataset/pascalvoc/VOCdevkit/VOC2012/JPEGImages/2007_000713.jpg,~/projects/pascalvoc-training/dataset/pascalvoc/VOCdevkit/VOC2012/SegmentationClass/2007_000713.png
~/projects/pascalvoc-training/dataset/pascalvoc/VOCdevkit/VOC2012/JPEGImages/2007_000720.jpg,~/projects/pascalvoc-training/dataset/pascalvoc/VOCdevkit/VOC2012/SegmentationClass/2007_000720.png
~/projects/pascalvoc-training/dataset/pascalvoc/VOCdevkit/VOC2012/JPEGImages/2007_000733.jpg,~/projects/pascalvoc-training/dataset/pascalvoc/VOCdevkit/VOC2012/SegmentationClass/2007_000733.png
~/projects/pascalvoc-training/dataset/pascalvoc/VOCdevkit/VOC2012/JPEGImages/2007_000738.jpg,~/projects/pascalvoc-training/dataset/pascalvoc/VOCdevkit/VOC2012/SegmentationClass/2007_000738.png
~/projects/pascalvoc-training/dataset/pascalvoc/VOCdevkit/VOC2012/JPEGImages/2007_000768.jpg,~/projects/pascalvoc-training/dataset/pascalvoc/VOCdevkit/VOC2012/SegmentationClass/2007_000768.png
~/projects/pascalvoc-training/dataset/pascalvoc/VOCdevkit/VOC2012/JPEGImages/2007_000793.jpg,~/projects/pascalvoc-training/dataset/pascalvoc/VOCdevkit/VOC2012/SegmentationClass/2007_000793.png
~/projects/pascalvoc-training/dataset/pascalvoc/VOCdevkit/VOC2012/JPEGImages/2007_000822.jpg,~/projects/pascalvoc-training/dataset/pascalvoc/VOCdevkit/VOC2012/SegmentationClass/2007_000822.png
~/projects/pascalvoc-training/dataset/pascalvoc/VOCdevkit/VOC2012/JPEGImages/2007_000836.jpg,~/projects/pascalvoc-training/dataset/pascalvoc/VOCdevkit/VOC2012/SegmentationClass/2007_000836.png
~/projects/pascalvoc-training/dataset/pascalvoc/VOCdevkit/VOC2012/JPEGImages/2007_000876.jpg,~/projects/pascalvoc-training/dataset/pascalvoc/VOCdevkit/VOC2012/SegmentationClass/2007_000876.png
~/projects/pascalvoc-training/dataset/pascalvoc/VOCdevkit/VOC2012/JPEGImages/2007_000904.jpg,~/projects/pascalvoc-training/dataset/pascalvoc/VOCdevkit/VOC2012/SegmentationClass/2007_000904.png
~/projects/pascalvoc-training/dataset/pascalvoc/VOCdevkit/VOC2012/JPEGImages/2007_001027.jpg,~/projects/pascalvoc-training/dataset/pascalvoc/VOCdevkit/VOC2012/SegmentationClass/2007_001027.png
~/projects/pascalvoc-training/dataset/pascalvoc/VOCdevkit/VOC2012/JPEGImages/2007_001073.jpg,~/projects/pascalvoc-training/dataset/pascalvoc/VOCdevkit/VOC2012/SegmentationClass/2007_001073.png
~/projects/pascalvoc-training/dataset/pascalvoc/VOCdevkit/VOC2012/JPEGImages/2007_001149.jpg,~/projects/pascalvoc-training/dataset/pascalvoc/VOCdevkit/VOC2012/SegmentationClass/2007_001149.png
~/projects/pascalvoc-training/dataset/pascalvoc/VOCdevkit/VOC2012/JPEGImages/2007_001185.jpg,~/projects/pascalvoc-training/dataset/pascalvoc/VOCdevkit/VOC2012/SegmentationClass/2007_001185.png
~/projects/pascalvoc-training/dataset/pascalvoc/VOCdevkit/VOC2012/JPEGImages/2007_001225.jpg,~/projects/pascalvoc-training/dataset/pascalvoc/VOCdevkit/VOC2012/SegmentationClass/2007_001225.png
~/projects/pascalvoc-training/dataset/pascalvoc/VOCdevkit/VOC2012/JPEGImages/2007_001340.jpg,~/projects/pascalvoc-training/dataset/pascalvoc/VOCdevkit/VOC2012/SegmentationClass/2007_001340.png
~/projects/pascalvoc-training/dataset/pascalvoc/VOCdevkit/VOC2012/JPEGImages/2007_001397.jpg,~/projects/pascalvoc-training/dataset/pascalvoc/VOCdevkit/VOC2012/SegmentationClass/2007_001397.png
~/projects/pascalvoc-training/dataset/pascalvoc/VOCdevkit/VOC2012/JPEGImages/2007_001416.jpg,~/projects/pascalvoc-training/dataset/pascalvoc/VOCdevkit/VOC2012/SegmentationClass/2007_001416.png
~/projects/pascalvoc-training/dataset/pascalvoc/VOCdevkit/VOC2012/JPEGImages/2007_001420.jpg,~/projects/pascalvoc-training/dataset/pascalvoc/VOCdevkit/VOC2012/SegmentationClass/2007_001420.png
~/projects/pascalvoc-training/dataset/pascalvoc/VOCdevkit/VOC2012/JPEGImages/2007_001439.jpg,~/projects/pascalvoc-training/dataset/pascalvoc/VOCdevkit/VOC2012/SegmentationClass/2007_001439.png
~/projects/pascalvoc-training/dataset/pascalvoc/VOCdevkit/VOC2012/JPEGImages/2007_001487.jpg,~/projects/pascalvoc-training/dataset/pascalvoc/VOCdevkit/VOC2012/SegmentationClass/2007_001487.png
~/projects/pascalvoc-training/dataset/pascalvoc/VOCdevkit/VOC2012/JPEGImages/2007_001595.jpg,~/projects/pascalvoc-training/dataset/pascalvoc/VOCdevkit/VOC2012/SegmentationClass/2007_001595.png
~/projects/pascalvoc-training/dataset/pascalvoc/VOCdevkit/VOC2012/JPEGImages/2007_001602.jpg,~/projects/pascalvoc-training/dataset/pascalvoc/VOCdevkit/VOC2012/SegmentationClass/2007_001602.png
~/projects/pascalvoc-training/dataset/pascalvoc/VOCdevkit/VOC2012/JPEGImages/2007_001609.jpg,~/projects/pascalvoc-training/dataset/pascalvoc/VOCdevkit/VOC2012/SegmentationClass/2007_001609.png
~/projects/pascalvoc-training/dataset/pascalvoc/VOCdevkit/VOC2012/JPEGImages/2007_001698.jpg,~/projects/pascalvoc-training/dataset/pascalvoc/VOCdevkit/VOC2012/SegmentationClass/2007_001698.png
~/projects/pascalvoc-training/dataset/pascalvoc/VOCdevkit/VOC2012/JPEGImages/2007_001704.jpg,~/projects/pascalvoc-training/dataset/pascalvoc/VOCdevkit/VOC2012/SegmentationClass/2007_001704.png
~/projects/pascalvoc-training/dataset/pascalvoc/VOCdevkit/VOC2012/JPEGImages/2007_001709.jpg,~/projects/pascalvoc-training/dataset/pascalvoc/VOCdevkit/VOC2012/SegmentationClass/2007_001709.png
~/projects/pascalvoc-training/dataset/pascalvoc/VOCdevkit/VOC2012/JPEGImages/2007_001724.jpg,~/projects/pascalvoc-training/dataset/pascalvoc/VOCdevkit/VOC2012/SegmentationClass/2007_001724.png
~/projects/pascalvoc-training/dataset/pascalvoc/VOCdevkit/VOC2012/JPEGImages/2007_001764.jpg,~/projects/pascalvoc-training/dataset/pascalvoc/VOCdevkit/VOC2012/SegmentationClass/2007_001764.png
~/projects/pascalvoc-training/dataset/pascalvoc/VOCdevkit/VOC2012/JPEGImages/2007_001825.jpg,~/projects/pascalvoc-training/dataset/pascalvoc/VOCdevkit/VOC2012/SegmentationClass/2007_001825.png
~/projects/pascalvoc-training/dataset/pascalvoc/VOCdevkit/VOC2012/JPEGImages/2007_001834.jpg,~/projects/pascalvoc-training/dataset/pascalvoc/VOCdevkit/VOC2012/SegmentationClass/2007_001834.png
~/projects/pascalvoc-training/dataset/pascalvoc/VOCdevkit/VOC2012/JPEGImages/2007_001857.jpg,~/projects/pascalvoc-training/dataset/pascalvoc/VOCdevkit/VOC2012/SegmentationClass/2007_001857.png
~/projects/pascalvoc-training/dataset/pascalvoc/VOCdevkit/VOC2012/JPEGImages/2007_001872.jpg,~/projects/pascalvoc-training/dataset/pascalvoc/VOCdevkit/VOC2012/SegmentationClass/2007_001872.png
~/projects/pascalvoc-training/dataset/pascalvoc/VOCdevkit/VOC2012/JPEGImages/2007_001901.jpg,~/projects/pascalvoc-training/dataset/pascalvoc/VOCdevkit/VOC2012/SegmentationClass/2007_001901.png
~/projects/pascalvoc-training/dataset/pascalvoc/VOCdevkit/VOC2012/JPEGImages/2007_001917.jpg,~/projects/pascalvoc-training/dataset/pascalvoc/VOCdevkit/VOC2012/SegmentationClass/2007_001917.png
~/projects/pascalvoc-training/dataset/pascalvoc/VOCdevkit/VOC2012/JPEGImages/2007_001960.jpg,~/projects/pascalvoc-training/dataset/pascalvoc/VOCdevkit/VOC2012/SegmentationClass/2007_001960.png
~/projects/pascalvoc-training/dataset/pascalvoc/VOCdevkit/VOC2012/JPEGImages/2007_002024.jpg,~/projects/pascalvoc-training/dataset/pascalvoc/VOCdevkit/VOC2012/SegmentationClass/2007_002024.png
~/projects/pascalvoc-training/dataset/pascalvoc/VOCdevkit/VOC2012/JPEGImages/2007_002055.jpg,~/projects/pascalvoc-training/dataset/pascalvoc/VOCdevkit/VOC2012/SegmentationClass/2007_002055.png
~/projects/pascalvoc-training/dataset/pascalvoc/VOCdevkit/VOC2012/JPEGImages/2007_002088.jpg,~/projects/pascalvoc-training/dataset/pascalvoc/VOCdevkit/VOC2012/SegmentationClass/2007_002088.png
~/projects/pascalvoc-training/dataset/pascalvoc/VOCdevkit/VOC2012/JPEGImages/2007_002099.jpg,~/projects/pascalvoc-training/dataset/pascalvoc/VOCdevkit/VOC2012/SegmentationClass/2007_002099.png
~/projects/pascalvoc-training/dataset/pascalvoc/VOCdevkit/VOC2012/JPEGImages/2007_002105.jpg,~/projects/pascalvoc-training/dataset/pascalvoc/VOCdevkit/VOC2012/SegmentationClass/2007_002105.png
~/projects/pascalvoc-training/dataset/pascalvoc/VOCdevkit/VOC2012/JPEGImages/2007_002107.jpg,~/projects/pascalvoc-training/dataset/pascalvoc/VOCdevkit/VOC2012/SegmentationClass/2007_002107.png
~/projects/pascalvoc-training/dataset/pascalvoc/VOCdevkit/VOC2012/JPEGImages/2007_002120.jpg,~/projects/pascalvoc-training/dataset/pascalvoc/VOCdevkit/VOC2012/SegmentationClass/2007_002120.png
~/projects/pascalvoc-training/dataset/pascalvoc/VOCdevkit/VOC2012/JPEGImages/2007_002142.jpg,~/projects/pascalvoc-training/dataset/pascalvoc/VOCdevkit/VOC2012/SegmentationClass/2007_002142.png
~/projects/pascalvoc-training/dataset/pascalvoc/VOCdevkit/VOC2012/JPEGImages/2007_002198.jpg,~/projects/pascalvoc-training/dataset/pascalvoc/VOCdevkit/VOC2012/SegmentationClass/2007_002198.png
~/projects/pascalvoc-training/dataset/pascalvoc/VOCdevkit/VOC2012/JPEGImages/2007_002212.jpg,~/projects/pascalvoc-training/dataset/pascalvoc/VOCdevkit/VOC2012/SegmentationClass/2007_002212.png
~/projects/pascalvoc-training/dataset/pascalvoc/VOCdevkit/VOC2012/JPEGImages/2007_002216.jpg,~/projects/pascalvoc-training/dataset/pascalvoc/VOCdevkit/VOC2012/SegmentationClass/2007_002216.png
~/projects/pascalvoc-training/dataset/pascalvoc/VOCdevkit/VOC2012/JPEGImages/2007_002227.jpg,~/projects/pascalvoc-training/dataset/pascalvoc/VOCdevkit/VOC2012/SegmentationClass/2007_002227.png
~/projects/pascalvoc-training/dataset/pascalvoc/VOCdevkit/VOC2012/JPEGImages/2007_002234.jpg,~/projects/pascalvoc-training/dataset/pascalvoc/VOCdevkit/VOC2012/SegmentationClass/2007_002234.png
~/projects/pascalvoc-training/dataset/pascalvoc/VOCdevkit/VOC2012/JPEGImages/2007_002273.jpg,~/projects/pascalvoc-training/dataset/pascalvoc/VOCdevkit/VOC2012/SegmentationClass/2007_002273.png
~/projects/pascalvoc-training/dataset/pascalvoc/VOCdevkit/VOC2012/JPEGImages/2007_002281.jpg,~/projects/pascalvoc-training/dataset/pascalvoc/VOCdevkit/VOC2012/SegmentationClass/2007_002281.png
~/projects/pascalvoc-training/dataset/pascalvoc/VOCdevkit/VOC2012/JPEGImages/2007_002293.jpg,~/projects/pascalvoc-training/dataset/pascalvoc/VOCdevkit/VOC2012/SegmentationClass/2007_002293.png
~/projects/pascalvoc-training/dataset/pascalvoc/VOCdevkit/VOC2012/JPEGImages/2007_002361.jpg,~/projects/pascalvoc-training/dataset/pascalvoc/VOCdevkit/VOC2012/SegmentationClass/2007_002361.png
~/projects/pascalvoc-training/dataset/pascalvoc/VOCdevkit/VOC2012/JPEGImages/2007_002368.jpg,~/projects/pascalvoc-training/dataset/pascalvoc/VOCdevkit/VOC2012/SegmentationClass/2007_002368.png
~/projects/pascalvoc-training/dataset/pascalvoc/VOCdevkit/VOC2012/JPEGImages/2007_002370.jpg,~/projects/pascalvoc-training/dataset/pascalvoc/VOCdevkit/VOC2012/SegmentationClass/2007_002370.png
~/projects/pascalvoc-training/dataset/pascalvoc/VOCdevkit/VOC2012/JPEGImages/2007_002403.jpg,~/projects/pascalvoc-training/dataset/pascalvoc/VOCdevkit/VOC2012/SegmentationClass/2007_002403.png
~/projects/pascalvoc-training/dataset/pascalvoc/VOCdevkit/VOC2012/JPEGImages/2007_002462.jpg,~/projects/pascalvoc-training/dataset/pascalvoc/VOCdevkit/VOC2012/SegmentationClass/2007_002462.png
~/projects/pascalvoc-training/dataset/pascalvoc/VOCdevkit/VOC2012/JPEGImages/2007_002488.jpg,~/projects/pascalvoc-training/dataset/pascalvoc/VOCdevkit/VOC2012/SegmentationClass/2007_002488.png
~/projects/pascalvoc-training/dataset/pascalvoc/VOCdevkit/VOC2012/JPEGImages/2007_002545.jpg,~/projects/pascalvoc-training/dataset/pascalvoc/VOCdevkit/VOC2012/SegmentationClass/2007_002545.png
~/projects/pascalvoc-training/dataset/pascalvoc/VOCdevkit/VOC2012/JPEGImages/2007_002611.jpg,~/projects/pascalvoc-training/dataset/pascalvoc/VOCdevkit/VOC2012/SegmentationClass/2007_002611.png
~/projects/pascalvoc-training/dataset/pascalvoc/VOCdevkit/VOC2012/JPEGImages/2007_002639.jpg,~/projects/pascalvoc-training/dataset/pascalvoc/VOCdevkit/VOC2012/SegmentationClass/2007_002639.png
~/projects/pascalvoc-training/dataset/pascalvoc/VOCdevkit/VOC2012/JPEGImages/2007_002668.jpg,~/projects/pascalvoc-training/dataset/pascalvoc/VOCdevkit/VOC2012/SegmentationClass/2007_002668.png
~/projects/pascalvoc-training/dataset/pascalvoc/VOCdevkit/VOC2012/JPEGImages/2007_002669.jpg,~/projects/pascalvoc-training/dataset/pascalvoc/VOCdevkit/VOC2012/SegmentationClass/2007_002669.png
~/projects/pascalvoc-training/dataset/pascalvoc/VOCdevkit/VOC2012/JPEGImages/2007_002760.jpg,~/projects/pascalvoc-training/dataset/pascalvoc/VOCdevkit/VOC2012/SegmentationClass/2007_002760.png
~/projects/pascalvoc-training/dataset/pascalvoc/VOCdevkit/VOC2012/JPEGImages/2007_002789.jpg,~/projects/pascalvoc-training/dataset/pascalvoc/VOCdevkit/VOC2012/SegmentationClass/2007_002789.png
~/projects/pascalvoc-training/dataset/pascalvoc/VOCdevkit/VOC2012/JPEGImages/2007_002845.jpg,~/projects/pascalvoc-training/dataset/pascalvoc/VOCdevkit/VOC2012/SegmentationClass/2007_002845.png
~/projects/pascalvoc-training/dataset/pascalvoc/VOCdevkit/VOC2012/JPEGImages/2007_002895.jpg,~/projects/pascalvoc-training/dataset/pascalvoc/VOCdevkit/VOC2012/SegmentationClass/2007_002895.png
~/projects/pascalvoc-training/dataset/pascalvoc/VOCdevkit/VOC2012/JPEGImages/2007_002896.jpg,~/projects/pascalvoc-training/dataset/pascalvoc/VOCdevkit/VOC2012/SegmentationClass/2007_002896.png
~/projects/pascalvoc-training/dataset/pascalvoc/VOCdevkit/VOC2012/JPEGImages/2007_002914.jpg,~/projects/pascalvoc-training/dataset/pascalvoc/VOCdevkit/VOC2012/SegmentationClass/2007_002914.png
~/projects/pascalvoc-training/dataset/pascalvoc/VOCdevkit/VOC2012/JPEGImages/2007_002953.jpg,~/projects/pascalvoc-training/dataset/pascalvoc/VOCdevkit/VOC2012/SegmentationClass/2007_002953.png
~/projects/pascalvoc-training/dataset/pascalvoc/VOCdevkit/VOC2012/JPEGImages/2007_002954.jpg,~/projects/pascalvoc-training/dataset/pascalvoc/VOCdevkit/VOC2012/SegmentationClass/2007_002954.png
~/projects/pascalvoc-training/dataset/pascalvoc/VOCdevkit/VOC2012/JPEGImages/2007_002967.jpg,~/projects/pascalvoc-training/dataset/pascalvoc/VOCdevkit/VOC2012/SegmentationClass/2007_002967.png
~/projects/pascalvoc-training/dataset/pascalvoc/VOCdevkit/VOC2012/JPEGImages/2007_003000.jpg,~/projects/pascalvoc-training/dataset/pascalvoc/VOCdevkit/VOC2012/SegmentationClass/2007_003000.png
~/projects/pascalvoc-training/dataset/pascalvoc/VOCdevkit/VOC2012/JPEGImages/2007_003118.jpg,~/projects/pascalvoc-training/dataset/pascalvoc/VOCdevkit/VOC2012/SegmentationClass/2007_003118.png
~/projects/pascalvoc-training/dataset/pascalvoc/VOCdevkit/VOC2012/JPEGImages/2007_003178.jpg,~/projects/pascalvoc-training/dataset/pascalvoc/VOCdevkit/VOC2012/SegmentationClass/2007_003178.png
~/projects/pascalvoc-training/dataset/pascalvoc/VOCdevkit/VOC2012/JPEGImages/2007_003189.jpg,~/projects/pascalvoc-training/dataset/pascalvoc/VOCdevkit/VOC2012/SegmentationClass/2007_003189.png
~/projects/pascalvoc-training/dataset/pascalvoc/VOCdevkit/VOC2012/JPEGImages/2007_003190.jpg,~/projects/pascalvoc-training/dataset/pascalvoc/VOCdevkit/VOC2012/SegmentationClass/2007_003190.png
~/projects/pascalvoc-training/dataset/pascalvoc/VOCdevkit/VOC2012/JPEGImages/2007_003191.jpg,~/projects/pascalvoc-training/dataset/pascalvoc/VOCdevkit/VOC2012/SegmentationClass/2007_003191.png
~/projects/pascalvoc-training/dataset/pascalvoc/VOCdevkit/VOC2012/JPEGImages/2007_003205.jpg,~/projects/pascalvoc-training/dataset/pascalvoc/VOCdevkit/VOC2012/SegmentationClass/2007_003205.png
~/projects/pascalvoc-training/dataset/pascalvoc/VOCdevkit/VOC2012/JPEGImages/2007_003207.jpg,~/projects/pascalvoc-training/dataset/pascalvoc/VOCdevkit/VOC2012/SegmentationClass/2007_003207.png
~/projects/pascalvoc-training/dataset/pascalvoc/VOCdevkit/VOC2012/JPEGImages/2007_003251.jpg,~/projects/pascalvoc-training/dataset/pascalvoc/VOCdevkit/VOC2012/SegmentationClass/2007_003251.png
~/projects/pascalvoc-training/dataset/pascalvoc/VOCdevkit/VOC2012/JPEGImages/2007_003267.jpg,~/projects/pascalvoc-training/dataset/pascalvoc/VOCdevkit/VOC2012/SegmentationClass/2007_003267.png
~/projects/pascalvoc-training/dataset/pascalvoc/VOCdevkit/VOC2012/JPEGImages/2007_003286.jpg,~/projects/pascalvoc-training/dataset/pascalvoc/VOCdevkit/VOC2012/SegmentationClass/2007_003286.png
~/projects/pascalvoc-training/dataset/pascalvoc/VOCdevkit/VOC2012/JPEGImages/2007_003330.jpg,~/projects/pascalvoc-training/dataset/pascalvoc/VOCdevkit/VOC2012/SegmentationClass/2007_003330.png
~/projects/pascalvoc-training/dataset/pascalvoc/VOCdevkit/VOC2012/JPEGImages/2007_003431.jpg,~/projects/pascalvoc-training/dataset/pascalvoc/VOCdevkit/VOC2012/SegmentationClass/2007_003431.png
~/projects/pascalvoc-training/dataset/pascalvoc/VOCdevkit/VOC2012/JPEGImages/2007_003451.jpg,~/projects/pascalvoc-training/dataset/pascalvoc/VOCdevkit/VOC2012/SegmentationClass/2007_003451.png
~/projects/pascalvoc-training/dataset/pascalvoc/VOCdevkit/VOC2012/JPEGImages/2007_003525.jpg,~/projects/pascalvoc-training/dataset/pascalvoc/VOCdevkit/VOC2012/SegmentationClass/2007_003525.png
~/projects/pascalvoc-training/dataset/pascalvoc/VOCdevkit/VOC2012/JPEGImages/2007_003529.jpg,~/projects/pascalvoc-training/dataset/pascalvoc/VOCdevkit/VOC2012/SegmentationClass/2007_003529.png
~/projects/pascalvoc-training/dataset/pascalvoc/VOCdevkit/VOC2012/JPEGImages/2007_003541.jpg,~/projects/pascalvoc-training/dataset/pascalvoc/VOCdevkit/VOC2012/SegmentationClass/2007_003541.png
~/projects/pascalvoc-training/dataset/pascalvoc/VOCdevkit/VOC2012/JPEGImages/2007_003565.jpg,~/projects/pascalvoc-training/dataset/pascalvoc/VOCdevkit/VOC2012/SegmentationClass/2007_003565.png
~/projects/pascalvoc-training/dataset/pascalvoc/VOCdevkit/VOC2012/JPEGImages/2007_003580.jpg,~/projects/pascalvoc-training/dataset/pascalvoc/VOCdevkit/VOC2012/SegmentationClass/2007_003580.png
~/projects/pascalvoc-training/dataset/pascalvoc/VOCdevkit/VOC2012/JPEGImages/2007_003593.jpg,~/projects/pascalvoc-training/dataset/pascalvoc/VOCdevkit/VOC2012/SegmentationClass/2007_003593.png
~/projects/pascalvoc-training/dataset/pascalvoc/VOCdevkit/VOC2012/JPEGImages/2007_003604.jpg,~/projects/pascalvoc-training/dataset/pascalvoc/VOCdevkit/VOC2012/SegmentationClass/2007_003604.png
~/projects/pascalvoc-training/dataset/pascalvoc/VOCdevkit/VOC2012/JPEGImages/2007_003668.jpg,~/projects/pascalvoc-training/dataset/pascalvoc/VOCdevkit/VOC2012/SegmentationClass/2007_003668.png
~/projects/pascalvoc-training/dataset/pascalvoc/VOCdevkit/VOC2012/JPEGImages/2007_003715.jpg,~/projects/pascalvoc-training/dataset/pascalvoc/VOCdevkit/VOC2012/SegmentationClass/2007_003715.png
~/projects/pascalvoc-training/dataset/pascalvoc/VOCdevkit/VOC2012/JPEGImages/2007_003778.jpg,~/projects/pascalvoc-training/dataset/pascalvoc/VOCdevkit/VOC2012/SegmentationClass/2007_003778.png
~/projects/pascalvoc-training/dataset/pascalvoc/VOCdevkit/VOC2012/JPEGImages/2007_003788.jpg,~/projects/pascalvoc-training/dataset/pascalvoc/VOCdevkit/VOC2012/SegmentationClass/2007_003788.png
~/projects/pascalvoc-training/dataset/pascalvoc/VOCdevkit/VOC2012/JPEGImages/2007_003815.jpg,~/projects/pascalvoc-training/dataset/pascalvoc/VOCdevkit/VOC2012/SegmentationClass/2007_003815.png
~/projects/pascalvoc-training/dataset/pascalvoc/VOCdevkit/VOC2012/JPEGImages/2007_003876.jpg,~/projects/pascalvoc-training/dataset/pascalvoc/VOCdevkit/VOC2012/SegmentationClass/2007_003876.png
~/projects/pascalvoc-training/dataset/pascalvoc/VOCdevkit/VOC2012/JPEGImages/2007_003889.jpg,~/projects/pascalvoc-training/dataset/pascalvoc/VOCdevkit/VOC2012/SegmentationClass/2007_003889.png
~/projects/pascalvoc-training/dataset/pascalvoc/VOCdevkit/VOC2012/JPEGImages/2007_003910.jpg,~/projects/pascalvoc-training/dataset/pascalvoc/VOCdevkit/VOC2012/SegmentationClass/2007_003910.png
~/projects/pascalvoc-training/dataset/pascalvoc/VOCdevkit/VOC2012/JPEGImages/2007_004003.jpg,~/projects/pascalvoc-training/dataset/pascalvoc/VOCdevkit/VOC2012/SegmentationClass/2007_004003.png
~/projects/pascalvoc-training/dataset/pascalvoc/VOCdevkit/VOC2012/JPEGImages/2007_004009.jpg,~/projects/pascalvoc-training/dataset/pascalvoc/VOCdevkit/VOC2012/SegmentationClass/2007_004009.png
~/projects/pascalvoc-training/dataset/pascalvoc/VOCdevkit/VOC2012/JPEGImages/2007_004065.jpg,~/projects/pascalvoc-training/dataset/pascalvoc/VOCdevkit/VOC2012/SegmentationClass/2007_004065.png
~/projects/pascalvoc-training/dataset/pascalvoc/VOCdevkit/VOC2012/JPEGImages/2007_004081.jpg,~/projects/pascalvoc-training/dataset/pascalvoc/VOCdevkit/VOC2012/SegmentationClass/2007_004081.png
~/projects/pascalvoc-training/dataset/pascalvoc/VOCdevkit/VOC2012/JPEGImages/2007_004166.jpg,~/projects/pascalvoc-training/dataset/pascalvoc/VOCdevkit/VOC2012/SegmentationClass/2007_004166.png
~/projects/pascalvoc-training/dataset/pascalvoc/VOCdevkit/VOC2012/JPEGImages/2007_004289.jpg,~/projects/pascalvoc-training/dataset/pascalvoc/VOCdevkit/VOC2012/SegmentationClass/2007_004289.png
~/projects/pascalvoc-training/dataset/pascalvoc/VOCdevkit/VOC2012/JPEGImages/2007_004291.jpg,~/projects/pascalvoc-training/dataset/pascalvoc/VOCdevkit/VOC2012/SegmentationClass/2007_004291.png
~/projects/pascalvoc-training/dataset/pascalvoc/VOCdevkit/VOC2012/JPEGImages/2007_004328.jpg,~/projects/pascalvoc-training/dataset/pascalvoc/VOCdevkit/VOC2012/SegmentationClass/2007_004328.png
~/projects/pascalvoc-training/dataset/pascalvoc/VOCdevkit/VOC2012/JPEGImages/2007_004423.jpg,~/projects/pascalvoc-training/dataset/pascalvoc/VOCdevkit/VOC2012/SegmentationClass/2007_004423.png
~/projects/pascalvoc-training/dataset/pascalvoc/VOCdevkit/VOC2012/JPEGImages/2007_004459.jpg,~/projects/pascalvoc-training/dataset/pascalvoc/VOCdevkit/VOC2012/SegmentationClass/2007_004459.png
~/projects/pascalvoc-training/dataset/pascalvoc/VOCdevkit/VOC2012/JPEGImages/2007_004476.jpg,~/projects/pascalvoc-training/dataset/pascalvoc/VOCdevkit/VOC2012/SegmentationClass/2007_004476.png
~/projects/pascalvoc-training/dataset/pascalvoc/VOCdevkit/VOC2012/JPEGImages/2007_004481.jpg,~/projects/pascalvoc-training/dataset/pascalvoc/VOCdevkit/VOC2012/SegmentationClass/2007_004481.png
~/projects/pascalvoc-training/dataset/pascalvoc/VOCdevkit/VOC2012/JPEGImages/2007_004500.jpg,~/projects/pascalvoc-training/dataset/pascalvoc/VOCdevkit/VOC2012/SegmentationClass/2007_004500.png
~/projects/pascalvoc-training/dataset/pascalvoc/VOCdevkit/VOC2012/JPEGImages/2007_004537.jpg,~/projects/pascalvoc-training/dataset/pascalvoc/VOCdevkit/VOC2012/SegmentationClass/2007_004537.png
~/projects/pascalvoc-training/dataset/pascalvoc/VOCdevkit/VOC2012/JPEGImages/2007_004627.jpg,~/projects/pascalvoc-training/dataset/pascalvoc/VOCdevkit/VOC2012/SegmentationClass/2007_004627.png
~/projects/pascalvoc-training/dataset/pascalvoc/VOCdevkit/VOC2012/JPEGImages/2007_004663.jpg,~/projects/pascalvoc-training/dataset/pascalvoc/VOCdevkit/VOC2012/SegmentationClass/2007_004663.png
~/projects/pascalvoc-training/dataset/pascalvoc/VOCdevkit/VOC2012/JPEGImages/2007_004705.jpg,~/projects/pascalvoc-training/dataset/pascalvoc/VOCdevkit/VOC2012/SegmentationClass/2007_004705.png
~/projects/pascalvoc-training/dataset/pascalvoc/VOCdevkit/VOC2012/JPEGImages/2007_004707.jpg,~/projects/pascalvoc-training/dataset/pascalvoc/VOCdevkit/VOC2012/SegmentationClass/2007_004707.png
~/projects/pascalvoc-training/dataset/pascalvoc/VOCdevkit/VOC2012/JPEGImages/2007_004768.jpg,~/projects/pascalvoc-training/dataset/pascalvoc/VOCdevkit/VOC2012/SegmentationClass/2007_004768.png
~/projects/pascalvoc-training/dataset/pascalvoc/VOCdevkit/VOC2012/JPEGImages/2007_004769.jpg,~/projects/pascalvoc-training/dataset/pascalvoc/VOCdevkit/VOC2012/SegmentationClass/2007_004769.png
~/projects/pascalvoc-training/dataset/pascalvoc/VOCdevkit/VOC2012/JPEGImages/2007_004810.jpg,~/projects/pascalvoc-training/dataset/pascalvoc/VOCdevkit/VOC2012/SegmentationClass/2007_004810.png
~/projects/pascalvoc-training/dataset/pascalvoc/VOCdevkit/VOC2012/JPEGImages/2007_004830.jpg,~/projects/pascalvoc-training/dataset/pascalvoc/VOCdevkit/VOC2012/SegmentationClass/2007_004830.png
~/projects/pascalvoc-training/dataset/pascalvoc/VOCdevkit/VOC2012/JPEGImages/2007_004841.jpg,~/projects/pascalvoc-training/dataset/pascalvoc/VOCdevkit/VOC2012/SegmentationClass/2007_004841.png
~/projects/pascalvoc-training/dataset/pascalvoc/VOCdevkit/VOC2012/JPEGImages/2007_004948.jpg,~/projects/pascalvoc-training/dataset/pascalvoc/VOCdevkit/VOC2012/SegmentationClass/2007_004948.png
~/projects/pascalvoc-training/dataset/pascalvoc/VOCdevkit/VOC2012/JPEGImages/2007_004951.jpg,~/projects/pascalvoc-training/dataset/pascalvoc/VOCdevkit/VOC2012/SegmentationClass/2007_004951.png
~/projects/pascalvoc-training/dataset/pascalvoc/VOCdevkit/VOC2012/JPEGImages/2007_004988.jpg,~/projects/pascalvoc-training/dataset/pascalvoc/VOCdevkit/VOC2012/SegmentationClass/2007_004988.png
~/projects/pascalvoc-training/dataset/pascalvoc/VOCdevkit/VOC2012/JPEGImages/2007_004998.jpg,~/projects/pascalvoc-training/dataset/pascalvoc/VOCdevkit/VOC2012/SegmentationClass/2007_004998.png
~/projects/pascalvoc-training/dataset/pascalvoc/VOCdevkit/VOC2012/JPEGImages/2007_005043.jpg,~/projects/pascalvoc-training/dataset/pascalvoc/VOCdevkit/VOC2012/SegmentationClass/2007_005043.png
~/projects/pascalvoc-training/dataset/pascalvoc/VOCdevkit/VOC2012/JPEGImages/2007_005064.jpg,~/projects/pascalvoc-training/dataset/pascalvoc/VOCdevkit/VOC2012/SegmentationClass/2007_005064.png
~/projects/pascalvoc-training/dataset/pascalvoc/VOCdevkit/VOC2012/JPEGImages/2007_005086.jpg,~/projects/pascalvoc-training/dataset/pascalvoc/VOCdevkit/VOC2012/SegmentationClass/2007_005086.png
~/projects/pascalvoc-training/dataset/pascalvoc/VOCdevkit/VOC2012/JPEGImages/2007_005124.jpg,~/projects/pascalvoc-training/dataset/pascalvoc/VOCdevkit/VOC2012/SegmentationClass/2007_005124.png
~/projects/pascalvoc-training/dataset/pascalvoc/VOCdevkit/VOC2012/JPEGImages/2007_005130.jpg,~/projects/pascalvoc-training/dataset/pascalvoc/VOCdevkit/VOC2012/SegmentationClass/2007_005130.png
~/projects/pascalvoc-training/dataset/pascalvoc/VOCdevkit/VOC2012/JPEGImages/2007_005144.jpg,~/projects/pascalvoc-training/dataset/pascalvoc/VOCdevkit/VOC2012/SegmentationClass/2007_005144.png
~/projects/pascalvoc-training/dataset/pascalvoc/VOCdevkit/VOC2012/JPEGImages/2007_005210.jpg,~/projects/pascalvoc-training/dataset/pascalvoc/VOCdevkit/VOC2012/SegmentationClass/2007_005210.png
~/projects/pascalvoc-training/dataset/pascalvoc/VOCdevkit/VOC2012/JPEGImages/2007_005212.jpg,~/projects/pascalvoc-training/dataset/pascalvoc/VOCdevkit/VOC2012/SegmentationClass/2007_005212.png
~/projects/pascalvoc-training/dataset/pascalvoc/VOCdevkit/VOC2012/JPEGImages/2007_005227.jpg,~/projects/pascalvoc-training/dataset/pascalvoc/VOCdevkit/VOC2012/SegmentationClass/2007_005227.png
~/projects/pascalvoc-training/dataset/pascalvoc/VOCdevkit/VOC2012/JPEGImages/2007_005248.jpg,~/projects/pascalvoc-training/dataset/pascalvoc/VOCdevkit/VOC2012/SegmentationClass/2007_005248.png
~/projects/pascalvoc-training/dataset/pascalvoc/VOCdevkit/VOC2012/JPEGImages/2007_005262.jpg,~/projects/pascalvoc-training/dataset/pascalvoc/VOCdevkit/VOC2012/SegmentationClass/2007_005262.png
~/projects/pascalvoc-training/dataset/pascalvoc/VOCdevkit/VOC2012/JPEGImages/2007_005264.jpg,~/projects/pascalvoc-training/dataset/pascalvoc/VOCdevkit/VOC2012/SegmentationClass/2007_005264.png
~/projects/pascalvoc-training/dataset/pascalvoc/VOCdevkit/VOC2012/JPEGImages/2007_005266.jpg,~/projects/pascalvoc-training/dataset/pascalvoc/VOCdevkit/VOC2012/SegmentationClass/2007_005266.png
~/projects/pascalvoc-training/dataset/pascalvoc/VOCdevkit/VOC2012/JPEGImages/2007_005273.jpg,~/projects/pascalvoc-training/dataset/pascalvoc/VOCdevkit/VOC2012/SegmentationClass/2007_005273.png
~/projects/pascalvoc-training/dataset/pascalvoc/VOCdevkit/VOC2012/JPEGImages/2007_005314.jpg,~/projects/pascalvoc-training/dataset/pascalvoc/VOCdevkit/VOC2012/SegmentationClass/2007_005314.png
~/projects/pascalvoc-training/dataset/pascalvoc/VOCdevkit/VOC2012/JPEGImages/2007_005360.jpg,~/projects/pascalvoc-training/dataset/pascalvoc/VOCdevkit/VOC2012/SegmentationClass/2007_005360.png
~/projects/pascalvoc-training/dataset/pascalvoc/VOCdevkit/VOC2012/JPEGImages/2007_005368.jpg,~/projects/pascalvoc-training/dataset/pascalvoc/VOCdevkit/VOC2012/SegmentationClass/2007_005368.png
~/projects/pascalvoc-training/dataset/pascalvoc/VOCdevkit/VOC2012/JPEGImages/2007_005430.jpg,~/projects/pascalvoc-training/dataset/pascalvoc/VOCdevkit/VOC2012/SegmentationClass/2007_005430.png
~/projects/pascalvoc-training/dataset/pascalvoc/VOCdevkit/VOC2012/JPEGImages/2007_005647.jpg,~/projects/pascalvoc-training/dataset/pascalvoc/VOCdevkit/VOC2012/SegmentationClass/2007_005647.png
~/projects/pascalvoc-training/dataset/pascalvoc/VOCdevkit/VOC2012/JPEGImages/2007_005688.jpg,~/projects/pascalvoc-training/dataset/pascalvoc/VOCdevkit/VOC2012/SegmentationClass/2007_005688.png
~/projects/pascalvoc-training/dataset/pascalvoc/VOCdevkit/VOC2012/JPEGImages/2007_005702.jpg,~/projects/pascalvoc-training/dataset/pascalvoc/VOCdevkit/VOC2012/SegmentationClass/2007_005702.png
~/projects/pascalvoc-training/dataset/pascalvoc/VOCdevkit/VOC2012/JPEGImages/2007_005790.jpg,~/projects/pascalvoc-training/dataset/pascalvoc/VOCdevkit/VOC2012/SegmentationClass/2007_005790.png
~/projects/pascalvoc-training/dataset/pascalvoc/VOCdevkit/VOC2012/JPEGImages/2007_005797.jpg,~/projects/pascalvoc-training/dataset/pascalvoc/VOCdevkit/VOC2012/SegmentationClass/2007_005797.png
~/projects/pascalvoc-training/dataset/pascalvoc/VOCdevkit/VOC2012/JPEGImages/2007_005859.jpg,~/projects/pascalvoc-training/dataset/pascalvoc/VOCdevkit/VOC2012/SegmentationClass/2007_005859.png
~/projects/pascalvoc-training/dataset/pascalvoc/VOCdevkit/VOC2012/JPEGImages/2007_005878.jpg,~/projects/pascalvoc-training/dataset/pascalvoc/VOCdevkit/VOC2012/SegmentationClass/2007_005878.png
~/projects/pascalvoc-training/dataset/pascalvoc/VOCdevkit/VOC2012/JPEGImages/2007_005902.jpg,~/projects/pascalvoc-training/dataset/pascalvoc/VOCdevkit/VOC2012/SegmentationClass/2007_005902.png
~/projects/pascalvoc-training/dataset/pascalvoc/VOCdevkit/VOC2012/JPEGImages/2007_005951.jpg,~/projects/pascalvoc-training/dataset/pascalvoc/VOCdevkit/VOC2012/SegmentationClass/2007_005951.png
~/projects/pascalvoc-training/dataset/pascalvoc/VOCdevkit/VOC2012/JPEGImages/2007_005988.jpg,~/projects/pascalvoc-training/dataset/pascalvoc/VOCdevkit/VOC2012/SegmentationClass/2007_005988.png
~/projects/pascalvoc-training/dataset/pascalvoc/VOCdevkit/VOC2012/JPEGImages/2007_005989.jpg,~/projects/pascalvoc-training/dataset/pascalvoc/VOCdevkit/VOC2012/SegmentationClass/2007_005989.png
~/projects/pascalvoc-training/dataset/pascalvoc/VOCdevkit/VOC2012/JPEGImages/2007_006004.jpg,~/projects/pascalvoc-training/dataset/pascalvoc/VOCdevkit/VOC2012/SegmentationClass/2007_006004.png
~/projects/pascalvoc-training/dataset/pascalvoc/VOCdevkit/VOC2012/JPEGImages/2007_006066.jpg,~/projects/pascalvoc-training/dataset/pascalvoc/VOCdevkit/VOC2012/SegmentationClass/2007_006066.png
~/projects/pascalvoc-training/dataset/pascalvoc/VOCdevkit/VOC2012/JPEGImages/2007_006134.jpg,~/projects/pascalvoc-training/dataset/pascalvoc/VOCdevkit/VOC2012/SegmentationClass/2007_006134.png
~/projects/pascalvoc-training/dataset/pascalvoc/VOCdevkit/VOC2012/JPEGImages/2007_006136.jpg,~/projects/pascalvoc-training/dataset/pascalvoc/VOCdevkit/VOC2012/SegmentationClass/2007_006136.png
~/projects/pascalvoc-training/dataset/pascalvoc/VOCdevkit/VOC2012/JPEGImages/2007_006151.jpg,~/projects/pascalvoc-training/dataset/pascalvoc/VOCdevkit/VOC2012/SegmentationClass/2007_006151.png
~/projects/pascalvoc-training/dataset/pascalvoc/VOCdevkit/VOC2012/JPEGImages/2007_006212.jpg,~/projects/pascalvoc-training/dataset/pascalvoc/VOCdevkit/VOC2012/SegmentationClass/2007_006212.png
~/projects/pascalvoc-training/dataset/pascalvoc/VOCdevkit/VOC2012/JPEGImages/2007_006232.jpg,~/projects/pascalvoc-training/dataset/pascalvoc/VOCdevkit/VOC2012/SegmentationClass/2007_006232.png
~/projects/pascalvoc-training/dataset/pascalvoc/VOCdevkit/VOC2012/JPEGImages/2007_006254.jpg,~/projects/pascalvoc-training/dataset/pascalvoc/VOCdevkit/VOC2012/SegmentationClass/2007_006254.png
~/projects/pascalvoc-training/dataset/pascalvoc/VOCdevkit/VOC2012/JPEGImages/2007_006281.jpg,~/projects/pascalvoc-training/dataset/pascalvoc/VOCdevkit/VOC2012/SegmentationClass/2007_006281.png
~/projects/pascalvoc-training/dataset/pascalvoc/VOCdevkit/VOC2012/JPEGImages/2007_006303.jpg,~/projects/pascalvoc-training/dataset/pascalvoc/VOCdevkit/VOC2012/SegmentationClass/2007_006303.png
~/projects/pascalvoc-training/dataset/pascalvoc/VOCdevkit/VOC2012/JPEGImages/2007_006317.jpg,~/projects/pascalvoc-training/dataset/pascalvoc/VOCdevkit/VOC2012/SegmentationClass/2007_006317.png
~/projects/pascalvoc-training/dataset/pascalvoc/VOCdevkit/VOC2012/JPEGImages/2007_006400.jpg,~/projects/pascalvoc-training/dataset/pascalvoc/VOCdevkit/VOC2012/SegmentationClass/2007_006400.png
~/projects/pascalvoc-training/dataset/pascalvoc/VOCdevkit/VOC2012/JPEGImages/2007_006409.jpg,~/projects/pascalvoc-training/dataset/pascalvoc/VOCdevkit/VOC2012/SegmentationClass/2007_006409.png
~/projects/pascalvoc-training/dataset/pascalvoc/VOCdevkit/VOC2012/JPEGImages/2007_006445.jpg,~/projects/pascalvoc-training/dataset/pascalvoc/VOCdevkit/VOC2012/SegmentationClass/2007_006445.png
~/projects/pascalvoc-training/dataset/pascalvoc/VOCdevkit/VOC2012/JPEGImages/2007_006477.jpg,~/projects/pascalvoc-training/dataset/pascalvoc/VOCdevkit/VOC2012/SegmentationClass/2007_006477.png
~/projects/pascalvoc-training/dataset/pascalvoc/VOCdevkit/VOC2012/JPEGImages/2007_006483.jpg,~/projects/pascalvoc-training/dataset/pascalvoc/VOCdevkit/VOC2012/SegmentationClass/2007_006483.png
~/projects/pascalvoc-training/dataset/pascalvoc/VOCdevkit/VOC2012/JPEGImages/2007_006490.jpg,~/projects/pascalvoc-training/dataset/pascalvoc/VOCdevkit/VOC2012/SegmentationClass/2007_006490.png
~/projects/pascalvoc-training/dataset/pascalvoc/VOCdevkit/VOC2012/JPEGImages/2007_006530.jpg,~/projects/pascalvoc-training/dataset/pascalvoc/VOCdevkit/VOC2012/SegmentationClass/2007_006530.png
~/projects/pascalvoc-training/dataset/pascalvoc/VOCdevkit/VOC2012/JPEGImages/2007_006581.jpg,~/projects/pascalvoc-training/dataset/pascalvoc/VOCdevkit/VOC2012/SegmentationClass/2007_006581.png
~/projects/pascalvoc-training/dataset/pascalvoc/VOCdevkit/VOC2012/JPEGImages/2007_006585.jpg,~/projects/pascalvoc-training/dataset/pascalvoc/VOCdevkit/VOC2012/SegmentationClass/2007_006585.png
~/projects/pascalvoc-training/dataset/pascalvoc/VOCdevkit/VOC2012/JPEGImages/2007_006605.jpg,~/projects/pascalvoc-training/dataset/pascalvoc/VOCdevkit/VOC2012/SegmentationClass/2007_006605.png
~/projects/pascalvoc-training/dataset/pascalvoc/VOCdevkit/VOC2012/JPEGImages/2007_006615.jpg,~/projects/pascalvoc-training/dataset/pascalvoc/VOCdevkit/VOC2012/SegmentationClass/2007_006615.png
~/projects/pascalvoc-training/dataset/pascalvoc/VOCdevkit/VOC2012/JPEGImages/2007_006641.jpg,~/projects/pascalvoc-training/dataset/pascalvoc/VOCdevkit/VOC2012/SegmentationClass/2007_006641.png
~/projects/pascalvoc-training/dataset/pascalvoc/VOCdevkit/VOC2012/JPEGImages/2007_006660.jpg,~/projects/pascalvoc-training/dataset/pascalvoc/VOCdevkit/VOC2012/SegmentationClass/2007_006660.png
~/projects/pascalvoc-training/dataset/pascalvoc/VOCdevkit/VOC2012/JPEGImages/2007_006661.jpg,~/projects/pascalvoc-training/dataset/pascalvoc/VOCdevkit/VOC2012/SegmentationClass/2007_006661.png
~/projects/pascalvoc-training/dataset/pascalvoc/VOCdevkit/VOC2012/JPEGImages/2007_006673.jpg,~/projects/pascalvoc-training/dataset/pascalvoc/VOCdevkit/VOC2012/SegmentationClass/2007_006673.png
~/projects/pascalvoc-training/dataset/pascalvoc/VOCdevkit/VOC2012/JPEGImages/2007_006699.jpg,~/projects/pascalvoc-training/dataset/pascalvoc/VOCdevkit/VOC2012/SegmentationClass/2007_006699.png
~/projects/pascalvoc-training/dataset/pascalvoc/VOCdevkit/VOC2012/JPEGImages/2007_006704.jpg,~/projects/pascalvoc-training/dataset/pascalvoc/VOCdevkit/VOC2012/SegmentationClass/2007_006704.png
~/projects/pascalvoc-training/dataset/pascalvoc/VOCdevkit/VOC2012/JPEGImages/2007_006803.jpg,~/projects/pascalvoc-training/dataset/pascalvoc/VOCdevkit/VOC2012/SegmentationClass/2007_006803.png
~/projects/pascalvoc-training/dataset/pascalvoc/VOCdevkit/VOC2012/JPEGImages/2007_006832.jpg,~/projects/pascalvoc-training/dataset/pascalvoc/VOCdevkit/VOC2012/SegmentationClass/2007_006832.png
~/projects/pascalvoc-training/dataset/pascalvoc/VOCdevkit/VOC2012/JPEGImages/2007_006865.jpg,~/projects/pascalvoc-training/dataset/pascalvoc/VOCdevkit/VOC2012/SegmentationClass/2007_006865.png
~/projects/pascalvoc-training/dataset/pascalvoc/VOCdevkit/VOC2012/JPEGImages/2007_006899.jpg,~/projects/pascalvoc-training/dataset/pascalvoc/VOCdevkit/VOC2012/SegmentationClass/2007_006899.png
~/projects/pascalvoc-training/dataset/pascalvoc/VOCdevkit/VOC2012/JPEGImages/2007_006900.jpg,~/projects/pascalvoc-training/dataset/pascalvoc/VOCdevkit/VOC2012/SegmentationClass/2007_006900.png
~/projects/pascalvoc-training/dataset/pascalvoc/VOCdevkit/VOC2012/JPEGImages/2007_006944.jpg,~/projects/pascalvoc-training/dataset/pascalvoc/VOCdevkit/VOC2012/SegmentationClass/2007_006944.png
~/projects/pascalvoc-training/dataset/pascalvoc/VOCdevkit/VOC2012/JPEGImages/2007_007003.jpg,~/projects/pascalvoc-training/dataset/pascalvoc/VOCdevkit/VOC2012/SegmentationClass/2007_007003.png
~/projects/pascalvoc-training/dataset/pascalvoc/VOCdevkit/VOC2012/JPEGImages/2007_007021.jpg,~/projects/pascalvoc-training/dataset/pascalvoc/VOCdevkit/VOC2012/SegmentationClass/2007_007021.png
~/projects/pascalvoc-training/dataset/pascalvoc/VOCdevkit/VOC2012/JPEGImages/2007_007048.jpg,~/projects/pascalvoc-training/dataset/pascalvoc/VOCdevkit/VOC2012/SegmentationClass/2007_007048.png
~/projects/pascalvoc-training/dataset/pascalvoc/VOCdevkit/VOC2012/JPEGImages/2007_007098.jpg,~/projects/pascalvoc-training/dataset/pascalvoc/VOCdevkit/VOC2012/SegmentationClass/2007_007098.png
~/projects/pascalvoc-training/dataset/pascalvoc/VOCdevkit/VOC2012/JPEGImages/2007_007154.jpg,~/projects/pascalvoc-training/dataset/pascalvoc/VOCdevkit/VOC2012/SegmentationClass/2007_007154.png
~/projects/pascalvoc-training/dataset/pascalvoc/VOCdevkit/VOC2012/JPEGImages/2007_007230.jpg,~/projects/pascalvoc-training/dataset/pascalvoc/VOCdevkit/VOC2012/SegmentationClass/2007_007230.png
~/projects/pascalvoc-training/dataset/pascalvoc/VOCdevkit/VOC2012/JPEGImages/2007_007250.jpg,~/projects/pascalvoc-training/dataset/pascalvoc/VOCdevkit/VOC2012/SegmentationClass/2007_007250.png
~/projects/pascalvoc-training/dataset/pascalvoc/VOCdevkit/VOC2012/JPEGImages/2007_007355.jpg,~/projects/pascalvoc-training/dataset/pascalvoc/VOCdevkit/VOC2012/SegmentationClass/2007_007355.png
~/projects/pascalvoc-training/dataset/pascalvoc/VOCdevkit/VOC2012/JPEGImages/2007_007387.jpg,~/projects/pascalvoc-training/dataset/pascalvoc/VOCdevkit/VOC2012/SegmentationClass/2007_007387.png
~/projects/pascalvoc-training/dataset/pascalvoc/VOCdevkit/VOC2012/JPEGImages/2007_007398.jpg,~/projects/pascalvoc-training/dataset/pascalvoc/VOCdevkit/VOC2012/SegmentationClass/2007_007398.png
~/projects/pascalvoc-training/dataset/pascalvoc/VOCdevkit/VOC2012/JPEGImages/2007_007415.jpg,~/projects/pascalvoc-training/dataset/pascalvoc/VOCdevkit/VOC2012/SegmentationClass/2007_007415.png
~/projects/pascalvoc-training/dataset/pascalvoc/VOCdevkit/VOC2012/JPEGImages/2007_007432.jpg,~/projects/pascalvoc-training/dataset/pascalvoc/VOCdevkit/VOC2012/SegmentationClass/2007_007432.png
~/projects/pascalvoc-training/dataset/pascalvoc/VOCdevkit/VOC2012/JPEGImages/2007_007447.jpg,~/projects/pascalvoc-training/dataset/pascalvoc/VOCdevkit/VOC2012/SegmentationClass/2007_007447.png
~/projects/pascalvoc-training/dataset/pascalvoc/VOCdevkit/VOC2012/JPEGImages/2007_007480.jpg,~/projects/pascalvoc-training/dataset/pascalvoc/VOCdevkit/VOC2012/SegmentationClass/2007_007480.png
~/projects/pascalvoc-training/dataset/pascalvoc/VOCdevkit/VOC2012/JPEGImages/2007_007481.jpg,~/projects/pascalvoc-training/dataset/pascalvoc/VOCdevkit/VOC2012/SegmentationClass/2007_007481.png
~/projects/pascalvoc-training/dataset/pascalvoc/VOCdevkit/VOC2012/JPEGImages/2007_007523.jpg,~/projects/pascalvoc-training/dataset/pascalvoc/VOCdevkit/VOC2012/SegmentationClass/2007_007523.png
~/projects/pascalvoc-training/dataset/pascalvoc/VOCdevkit/VOC2012/JPEGImages/2007_007530.jpg,~/projects/pascalvoc-training/dataset/pascalvoc/VOCdevkit/VOC2012/SegmentationClass/2007_007530.png
~/projects/pascalvoc-training/dataset/pascalvoc/VOCdevkit/VOC2012/JPEGImages/2007_007585.jpg,~/projects/pascalvoc-training/dataset/pascalvoc/VOCdevkit/VOC2012/SegmentationClass/2007_007585.png
~/projects/pascalvoc-training/dataset/pascalvoc/VOCdevkit/VOC2012/JPEGImages/2007_007591.jpg,~/projects/pascalvoc-training/dataset/pascalvoc/VOCdevkit/VOC2012/SegmentationClass/2007_007591.png
~/projects/pascalvoc-training/dataset/pascalvoc/VOCdevkit/VOC2012/JPEGImages/2007_007621.jpg,~/projects/pascalvoc-training/dataset/pascalvoc/VOCdevkit/VOC2012/SegmentationClass/2007_007621.png
~/projects/pascalvoc-training/dataset/pascalvoc/VOCdevkit/VOC2012/JPEGImages/2007_007649.jpg,~/projects/pascalvoc-training/dataset/pascalvoc/VOCdevkit/VOC2012/SegmentationClass/2007_007649.png
~/projects/pascalvoc-training/dataset/pascalvoc/VOCdevkit/VOC2012/JPEGImages/2007_007698.jpg,~/projects/pascalvoc-training/dataset/pascalvoc/VOCdevkit/VOC2012/SegmentationClass/2007_007698.png
~/projects/pascalvoc-training/dataset/pascalvoc/VOCdevkit/VOC2012/JPEGImages/2007_007726.jpg,~/projects/pascalvoc-training/dataset/pascalvoc/VOCdevkit/VOC2012/SegmentationClass/2007_007726.png
~/projects/pascalvoc-training/dataset/pascalvoc/VOCdevkit/VOC2012/JPEGImages/2007_007772.jpg,~/projects/pascalvoc-training/dataset/pascalvoc/VOCdevkit/VOC2012/SegmentationClass/2007_007772.png
~/projects/pascalvoc-training/dataset/pascalvoc/VOCdevkit/VOC2012/JPEGImages/2007_007773.jpg,~/projects/pascalvoc-training/dataset/pascalvoc/VOCdevkit/VOC2012/SegmentationClass/2007_007773.png
~/projects/pascalvoc-training/dataset/pascalvoc/VOCdevkit/VOC2012/JPEGImages/2007_007783.jpg,~/projects/pascalvoc-training/dataset/pascalvoc/VOCdevkit/VOC2012/SegmentationClass/2007_007783.png
~/projects/pascalvoc-training/dataset/pascalvoc/VOCdevkit/VOC2012/JPEGImages/2007_007878.jpg,~/projects/pascalvoc-training/dataset/pascalvoc/VOCdevkit/VOC2012/SegmentationClass/2007_007878.png
~/projects/pascalvoc-training/dataset/pascalvoc/VOCdevkit/VOC2012/JPEGImages/2007_007890.jpg,~/projects/pascalvoc-training/dataset/pascalvoc/VOCdevkit/VOC2012/SegmentationClass/2007_007890.png
~/projects/pascalvoc-training/dataset/pascalvoc/VOCdevkit/VOC2012/JPEGImages/2007_007891.jpg,~/projects/pascalvoc-training/dataset/pascalvoc/VOCdevkit/VOC2012/SegmentationClass/2007_007891.png
~/projects/pascalvoc-training/dataset/pascalvoc/VOCdevkit/VOC2012/JPEGImages/2007_007902.jpg,~/projects/pascalvoc-training/dataset/pascalvoc/VOCdevkit/VOC2012/SegmentationClass/2007_007902.png
~/projects/pascalvoc-training/dataset/pascalvoc/VOCdevkit/VOC2012/JPEGImages/2007_007908.jpg,~/projects/pascalvoc-training/dataset/pascalvoc/VOCdevkit/VOC2012/SegmentationClass/2007_007908.png
~/projects/pascalvoc-training/dataset/pascalvoc/VOCdevkit/VOC2012/JPEGImages/2007_007930.jpg,~/projects/pascalvoc-training/dataset/pascalvoc/VOCdevkit/VOC2012/SegmentationClass/2007_007930.png
~/projects/pascalvoc-training/dataset/pascalvoc/VOCdevkit/VOC2012/JPEGImages/2007_007947.jpg,~/projects/pascalvoc-training/dataset/pascalvoc/VOCdevkit/VOC2012/SegmentationClass/2007_007947.png
~/projects/pascalvoc-training/dataset/pascalvoc/VOCdevkit/VOC2012/JPEGImages/2007_007948.jpg,~/projects/pascalvoc-training/dataset/pascalvoc/VOCdevkit/VOC2012/SegmentationClass/2007_007948.png
~/projects/pascalvoc-training/dataset/pascalvoc/VOCdevkit/VOC2012/JPEGImages/2007_008043.jpg,~/projects/pascalvoc-training/dataset/pascalvoc/VOCdevkit/VOC2012/SegmentationClass/2007_008043.png
~/projects/pascalvoc-training/dataset/pascalvoc/VOCdevkit/VOC2012/JPEGImages/2007_008072.jpg,~/projects/pascalvoc-training/dataset/pascalvoc/VOCdevkit/VOC2012/SegmentationClass/2007_008072.png
~/projects/pascalvoc-training/dataset/pascalvoc/VOCdevkit/VOC2012/JPEGImages/2007_008085.jpg,~/projects/pascalvoc-training/dataset/pascalvoc/VOCdevkit/VOC2012/SegmentationClass/2007_008085.png
~/projects/pascalvoc-training/dataset/pascalvoc/VOCdevkit/VOC2012/JPEGImages/2007_008140.jpg,~/projects/pascalvoc-training/dataset/pascalvoc/VOCdevkit/VOC2012/SegmentationClass/2007_008140.png
~/projects/pascalvoc-training/dataset/pascalvoc/VOCdevkit/VOC2012/JPEGImages/2007_008142.jpg,~/projects/pascalvoc-training/dataset/pascalvoc/VOCdevkit/VOC2012/SegmentationClass/2007_008142.png
~/projects/pascalvoc-training/dataset/pascalvoc/VOCdevkit/VOC2012/JPEGImages/2007_008203.jpg,~/projects/pascalvoc-training/dataset/pascalvoc/VOCdevkit/VOC2012/SegmentationClass/2007_008203.png
~/projects/pascalvoc-training/dataset/pascalvoc/VOCdevkit/VOC2012/JPEGImages/2007_008218.jpg,~/projects/pascalvoc-training/dataset/pascalvoc/VOCdevkit/VOC2012/SegmentationClass/2007_008218.png
~/projects/pascalvoc-training/dataset/pascalvoc/VOCdevkit/VOC2012/JPEGImages/2007_008219.jpg,~/projects/pascalvoc-training/dataset/pascalvoc/VOCdevkit/VOC2012/SegmentationClass/2007_008219.png
~/projects/pascalvoc-training/dataset/pascalvoc/VOCdevkit/VOC2012/JPEGImages/2007_008307.jpg,~/projects/pascalvoc-training/dataset/pascalvoc/VOCdevkit/VOC2012/SegmentationClass/2007_008307.png
~/projects/pascalvoc-training/dataset/pascalvoc/VOCdevkit/VOC2012/JPEGImages/2007_008403.jpg,~/projects/pascalvoc-training/dataset/pascalvoc/VOCdevkit/VOC2012/SegmentationClass/2007_008403.png
~/projects/pascalvoc-training/dataset/pascalvoc/VOCdevkit/VOC2012/JPEGImages/2007_008407.jpg,~/projects/pascalvoc-training/dataset/pascalvoc/VOCdevkit/VOC2012/SegmentationClass/2007_008407.png
~/projects/pascalvoc-training/dataset/pascalvoc/VOCdevkit/VOC2012/JPEGImages/2007_008468.jpg,~/projects/pascalvoc-training/dataset/pascalvoc/VOCdevkit/VOC2012/SegmentationClass/2007_008468.png
~/projects/pascalvoc-training/dataset/pascalvoc/VOCdevkit/VOC2012/JPEGImages/2007_008526.jpg,~/projects/pascalvoc-training/dataset/pascalvoc/VOCdevkit/VOC2012/SegmentationClass/2007_008526.png
~/projects/pascalvoc-training/dataset/pascalvoc/VOCdevkit/VOC2012/JPEGImages/2007_008571.jpg,~/projects/pascalvoc-training/dataset/pascalvoc/VOCdevkit/VOC2012/SegmentationClass/2007_008571.png
~/projects/pascalvoc-training/dataset/pascalvoc/VOCdevkit/VOC2012/JPEGImages/2007_008575.jpg,~/projects/pascalvoc-training/dataset/pascalvoc/VOCdevkit/VOC2012/SegmentationClass/2007_008575.png
~/projects/pascalvoc-training/dataset/pascalvoc/VOCdevkit/VOC2012/JPEGImages/2007_008714.jpg,~/projects/pascalvoc-training/dataset/pascalvoc/VOCdevkit/VOC2012/SegmentationClass/2007_008714.png
~/projects/pascalvoc-training/dataset/pascalvoc/VOCdevkit/VOC2012/JPEGImages/2007_008764.jpg,~/projects/pascalvoc-training/dataset/pascalvoc/VOCdevkit/VOC2012/SegmentationClass/2007_008764.png
~/projects/pascalvoc-training/dataset/pascalvoc/VOCdevkit/VOC2012/JPEGImages/2007_008778.jpg,~/projects/pascalvoc-training/dataset/pascalvoc/VOCdevkit/VOC2012/SegmentationClass/2007_008778.png
~/projects/pascalvoc-training/dataset/pascalvoc/VOCdevkit/VOC2012/JPEGImages/2007_008801.jpg,~/projects/pascalvoc-training/dataset/pascalvoc/VOCdevkit/VOC2012/SegmentationClass/2007_008801.png
~/projects/pascalvoc-training/dataset/pascalvoc/VOCdevkit/VOC2012/JPEGImages/2007_008821.jpg,~/projects/pascalvoc-training/dataset/pascalvoc/VOCdevkit/VOC2012/SegmentationClass/2007_008821.png
~/projects/pascalvoc-training/dataset/pascalvoc/VOCdevkit/VOC2012/JPEGImages/2007_008927.jpg,~/projects/pascalvoc-training/dataset/pascalvoc/VOCdevkit/VOC2012/SegmentationClass/2007_008927.png
~/projects/pascalvoc-training/dataset/pascalvoc/VOCdevkit/VOC2012/JPEGImages/2007_008932.jpg,~/projects/pascalvoc-training/dataset/pascalvoc/VOCdevkit/VOC2012/SegmentationClass/2007_008932.png
~/projects/pascalvoc-training/dataset/pascalvoc/VOCdevkit/VOC2012/JPEGImages/2007_008945.jpg,~/projects/pascalvoc-training/dataset/pascalvoc/VOCdevkit/VOC2012/SegmentationClass/2007_008945.png
~/projects/pascalvoc-training/dataset/pascalvoc/VOCdevkit/VOC2012/JPEGImages/2007_008948.jpg,~/projects/pascalvoc-training/dataset/pascalvoc/VOCdevkit/VOC2012/SegmentationClass/2007_008948.png
~/projects/pascalvoc-training/dataset/pascalvoc/VOCdevkit/VOC2012/JPEGImages/2007_008994.jpg,~/projects/pascalvoc-training/dataset/pascalvoc/VOCdevkit/VOC2012/SegmentationClass/2007_008994.png
~/projects/pascalvoc-training/dataset/pascalvoc/VOCdevkit/VOC2012/JPEGImages/2007_009030.jpg,~/projects/pascalvoc-training/dataset/pascalvoc/VOCdevkit/VOC2012/SegmentationClass/2007_009030.png
~/projects/pascalvoc-training/dataset/pascalvoc/VOCdevkit/VOC2012/JPEGImages/2007_009052.jpg,~/projects/pascalvoc-training/dataset/pascalvoc/VOCdevkit/VOC2012/SegmentationClass/2007_009052.png
~/projects/pascalvoc-training/dataset/pascalvoc/VOCdevkit/VOC2012/JPEGImages/2007_009082.jpg,~/projects/pascalvoc-training/dataset/pascalvoc/VOCdevkit/VOC2012/SegmentationClass/2007_009082.png
~/projects/pascalvoc-training/dataset/pascalvoc/VOCdevkit/VOC2012/JPEGImages/2007_009139.jpg,~/projects/pascalvoc-training/dataset/pascalvoc/VOCdevkit/VOC2012/SegmentationClass/2007_009139.png
~/projects/pascalvoc-training/dataset/pascalvoc/VOCdevkit/VOC2012/JPEGImages/2007_009209.jpg,~/projects/pascalvoc-training/dataset/pascalvoc/VOCdevkit/VOC2012/SegmentationClass/2007_009209.png
~/projects/pascalvoc-training/dataset/pascalvoc/VOCdevkit/VOC2012/JPEGImages/2007_009216.jpg,~/projects/pascalvoc-training/dataset/pascalvoc/VOCdevkit/VOC2012/SegmentationClass/2007_009216.png
~/projects/pascalvoc-training/dataset/pascalvoc/VOCdevkit/VOC2012/JPEGImages/2007_009295.jpg,~/projects/pascalvoc-training/dataset/pascalvoc/VOCdevkit/VOC2012/SegmentationClass/2007_009295.png
~/projects/pascalvoc-training/dataset/pascalvoc/VOCdevkit/VOC2012/JPEGImages/2007_009322.jpg,~/projects/pascalvoc-training/dataset/pascalvoc/VOCdevkit/VOC2012/SegmentationClass/2007_009322.png
~/projects/pascalvoc-training/dataset/pascalvoc/VOCdevkit/VOC2012/JPEGImages/2007_009327.jpg,~/projects/pascalvoc-training/dataset/pascalvoc/VOCdevkit/VOC2012/SegmentationClass/2007_009327.png
~/projects/pascalvoc-training/dataset/pascalvoc/VOCdevkit/VOC2012/JPEGImages/2007_009348.jpg,~/projects/pascalvoc-training/dataset/pascalvoc/VOCdevkit/VOC2012/SegmentationClass/2007_009348.png
~/projects/pascalvoc-training/dataset/pascalvoc/VOCdevkit/VOC2012/JPEGImages/2007_009422.jpg,~/projects/pascalvoc-training/dataset/pascalvoc/VOCdevkit/VOC2012/SegmentationClass/2007_009422.png
~/projects/pascalvoc-training/dataset/pascalvoc/VOCdevkit/VOC2012/JPEGImages/2007_009435.jpg,~/projects/pascalvoc-training/dataset/pascalvoc/VOCdevkit/VOC2012/SegmentationClass/2007_009435.png
~/projects/pascalvoc-training/dataset/pascalvoc/VOCdevkit/VOC2012/JPEGImages/2007_009436.jpg,~/projects/pascalvoc-training/dataset/pascalvoc/VOCdevkit/VOC2012/SegmentationClass/2007_009436.png
~/projects/pascalvoc-training/dataset/pascalvoc/VOCdevkit/VOC2012/JPEGImages/2007_009464.jpg,~/projects/pascalvoc-training/dataset/pascalvoc/VOCdevkit/VOC2012/SegmentationClass/2007_009464.png
~/projects/pascalvoc-training/dataset/pascalvoc/VOCdevkit/VOC2012/JPEGImages/2007_009527.jpg,~/projects/pascalvoc-training/dataset/pascalvoc/VOCdevkit/VOC2012/SegmentationClass/2007_009527.png
~/projects/pascalvoc-training/dataset/pascalvoc/VOCdevkit/VOC2012/JPEGImages/2007_009533.jpg,~/projects/pascalvoc-training/dataset/pascalvoc/VOCdevkit/VOC2012/SegmentationClass/2007_009533.png
~/projects/pascalvoc-training/dataset/pascalvoc/VOCdevkit/VOC2012/JPEGImages/2007_009550.jpg,~/projects/pascalvoc-training/dataset/pascalvoc/VOCdevkit/VOC2012/SegmentationClass/2007_009550.png
~/projects/pascalvoc-training/dataset/pascalvoc/VOCdevkit/VOC2012/JPEGImages/2007_009554.jpg,~/projects/pascalvoc-training/dataset/pascalvoc/VOCdevkit/VOC2012/SegmentationClass/2007_009554.png
~/projects/pascalvoc-training/dataset/pascalvoc/VOCdevkit/VOC2012/JPEGImages/2007_009580.jpg,~/projects/pascalvoc-training/dataset/pascalvoc/VOCdevkit/VOC2012/SegmentationClass/2007_009580.png
~/projects/pascalvoc-training/dataset/pascalvoc/VOCdevkit/VOC2012/JPEGImages/2007_009594.jpg,~/projects/pascalvoc-training/dataset/pascalvoc/VOCdevkit/VOC2012/SegmentationClass/2007_009594.png
~/projects/pascalvoc-training/dataset/pascalvoc/VOCdevkit/VOC2012/JPEGImages/2007_009597.jpg,~/projects/pascalvoc-training/dataset/pascalvoc/VOCdevkit/VOC2012/SegmentationClass/2007_009597.png
~/projects/pascalvoc-training/dataset/pascalvoc/VOCdevkit/VOC2012/JPEGImages/2007_009605.jpg,~/projects/pascalvoc-training/dataset/pascalvoc/VOCdevkit/VOC2012/SegmentationClass/2007_009605.png
~/projects/pascalvoc-training/dataset/pascalvoc/VOCdevkit/VOC2012/JPEGImages/2007_009607.jpg,~/projects/pascalvoc-training/dataset/pascalvoc/VOCdevkit/VOC2012/SegmentationClass/2007_009607.png
~/projects/pascalvoc-training/dataset/pascalvoc/VOCdevkit/VOC2012/JPEGImages/2007_009618.jpg,~/projects/pascalvoc-training/dataset/pascalvoc/VOCdevkit/VOC2012/SegmentationClass/2007_009618.png
~/projects/pascalvoc-training/dataset/pascalvoc/VOCdevkit/VOC2012/JPEGImages/2007_009630.jpg,~/projects/pascalvoc-training/dataset/pascalvoc/VOCdevkit/VOC2012/SegmentationClass/2007_009630.png
~/projects/pascalvoc-training/dataset/pascalvoc/VOCdevkit/VOC2012/JPEGImages/2007_009649.jpg,~/projects/pascalvoc-training/dataset/pascalvoc/VOCdevkit/VOC2012/SegmentationClass/2007_009649.png
~/projects/pascalvoc-training/dataset/pascalvoc/VOCdevkit/VOC2012/JPEGImages/2007_009665.jpg,~/projects/pascalvoc-training/dataset/pascalvoc/VOCdevkit/VOC2012/SegmentationClass/2007_009665.png
~/projects/pascalvoc-training/dataset/pascalvoc/VOCdevkit/VOC2012/JPEGImages/2007_009709.jpg,~/projects/pascalvoc-training/dataset/pascalvoc/VOCdevkit/VOC2012/SegmentationClass/2007_009709.png
~/projects/pascalvoc-training/dataset/pascalvoc/VOCdevkit/VOC2012/JPEGImages/2007_009724.jpg,~/projects/pascalvoc-training/dataset/pascalvoc/VOCdevkit/VOC2012/SegmentationClass/2007_009724.png
~/projects/pascalvoc-training/dataset/pascalvoc/VOCdevkit/VOC2012/JPEGImages/2007_009759.jpg,~/projects/pascalvoc-training/dataset/pascalvoc/VOCdevkit/VOC2012/SegmentationClass/2007_009759.png
~/projects/pascalvoc-training/dataset/pascalvoc/VOCdevkit/VOC2012/JPEGImages/2007_009779.jpg,~/projects/pascalvoc-training/dataset/pascalvoc/VOCdevkit/VOC2012/SegmentationClass/2007_009779.png
~/projects/pascalvoc-training/dataset/pascalvoc/VOCdevkit/VOC2012/JPEGImages/2007_009788.jpg,~/projects/pascalvoc-training/dataset/pascalvoc/VOCdevkit/VOC2012/SegmentationClass/2007_009788.png
~/projects/pascalvoc-training/dataset/pascalvoc/VOCdevkit/VOC2012/JPEGImages/2007_009807.jpg,~/projects/pascalvoc-training/dataset/pascalvoc/VOCdevkit/VOC2012/SegmentationClass/2007_009807.png
~/projects/pascalvoc-training/dataset/pascalvoc/VOCdevkit/VOC2012/JPEGImages/2007_009832.jpg,~/projects/pascalvoc-training/dataset/pascalvoc/VOCdevkit/VOC2012/SegmentationClass/2007_009832.png
~/projects/pascalvoc-training/dataset/pascalvoc/VOCdevkit/VOC2012/JPEGImages/2007_009889.jpg,~/projects/pascalvoc-training/dataset/pascalvoc/VOCdevkit/VOC2012/SegmentationClass/2007_009889.png
~/projects/pascalvoc-training/dataset/pascalvoc/VOCdevkit/VOC2012/JPEGImages/2007_009899.jpg,~/projects/pascalvoc-training/dataset/pascalvoc/VOCdevkit/VOC2012/SegmentationClass/2007_009899.png
~/projects/pascalvoc-training/dataset/pascalvoc/VOCdevkit/VOC2012/JPEGImages/2007_009901.jpg,~/projects/pascalvoc-training/dataset/pascalvoc/VOCdevkit/VOC2012/SegmentationClass/2007_009901.png
~/projects/pascalvoc-training/dataset/pascalvoc/VOCdevkit/VOC2012/JPEGImages/2007_009947.jpg,~/projects/pascalvoc-training/dataset/pascalvoc/VOCdevkit/VOC2012/SegmentationClass/2007_009947.png
~/projects/pascalvoc-training/dataset/pascalvoc/VOCdevkit/VOC2012/JPEGImages/2007_009950.jpg,~/projects/pascalvoc-training/dataset/pascalvoc/VOCdevkit/VOC2012/SegmentationClass/2007_009950.png
~/projects/pascalvoc-training/dataset/pascalvoc/VOCdevkit/VOC2012/JPEGImages/2008_000015.jpg,~/projects/pascalvoc-training/dataset/pascalvoc/VOCdevkit/VOC2012/SegmentationClass/2008_000015.png
~/projects/pascalvoc-training/dataset/pascalvoc/VOCdevkit/VOC2012/JPEGImages/2008_000019.jpg,~/projects/pascalvoc-training/dataset/pascalvoc/VOCdevkit/VOC2012/SegmentationClass/2008_000019.png
~/projects/pascalvoc-training/dataset/pascalvoc/VOCdevkit/VOC2012/JPEGImages/2008_000028.jpg,~/projects/pascalvoc-training/dataset/pascalvoc/VOCdevkit/VOC2012/SegmentationClass/2008_000028.png
~/projects/pascalvoc-training/dataset/pascalvoc/VOCdevkit/VOC2012/JPEGImages/2008_000033.jpg,~/projects/pascalvoc-training/dataset/pascalvoc/VOCdevkit/VOC2012/SegmentationClass/2008_000033.png
~/projects/pascalvoc-training/dataset/pascalvoc/VOCdevkit/VOC2012/JPEGImages/2008_000074.jpg,~/projects/pascalvoc-training/dataset/pascalvoc/VOCdevkit/VOC2012/SegmentationClass/2008_000074.png
~/projects/pascalvoc-training/dataset/pascalvoc/VOCdevkit/VOC2012/JPEGImages/2008_000089.jpg,~/projects/pascalvoc-training/dataset/pascalvoc/VOCdevkit/VOC2012/SegmentationClass/2008_000089.png
~/projects/pascalvoc-training/dataset/pascalvoc/VOCdevkit/VOC2012/JPEGImages/2008_000103.jpg,~/projects/pascalvoc-training/dataset/pascalvoc/VOCdevkit/VOC2012/SegmentationClass/2008_000103.png
~/projects/pascalvoc-training/dataset/pascalvoc/VOCdevkit/VOC2012/JPEGImages/2008_000105.jpg,~/projects/pascalvoc-training/dataset/pascalvoc/VOCdevkit/VOC2012/SegmentationClass/2008_000105.png
~/projects/pascalvoc-training/dataset/pascalvoc/VOCdevkit/VOC2012/JPEGImages/2008_000131.jpg,~/projects/pascalvoc-training/dataset/pascalvoc/VOCdevkit/VOC2012/SegmentationClass/2008_000131.png
~/projects/pascalvoc-training/dataset/pascalvoc/VOCdevkit/VOC2012/JPEGImages/2008_000144.jpg,~/projects/pascalvoc-training/dataset/pascalvoc/VOCdevkit/VOC2012/SegmentationClass/2008_000144.png
~/projects/pascalvoc-training/dataset/pascalvoc/VOCdevkit/VOC2012/JPEGImages/2008_000162.jpg,~/projects/pascalvoc-training/dataset/pascalvoc/VOCdevkit/VOC2012/SegmentationClass/2008_000162.png
~/projects/pascalvoc-training/dataset/pascalvoc/VOCdevkit/VOC2012/JPEGImages/2008_000187.jpg,~/projects/pascalvoc-training/dataset/pascalvoc/VOCdevkit/VOC2012/SegmentationClass/2008_000187.png
~/projects/pascalvoc-training/dataset/pascalvoc/VOCdevkit/VOC2012/JPEGImages/2008_000188.jpg,~/projects/pascalvoc-training/dataset/pascalvoc/VOCdevkit/VOC2012/SegmentationClass/2008_000188.png
~/projects/pascalvoc-training/dataset/pascalvoc/VOCdevkit/VOC2012/JPEGImages/2008_000197.jpg,~/projects/pascalvoc-training/dataset/pascalvoc/VOCdevkit/VOC2012/SegmentationClass/2008_000197.png
~/projects/pascalvoc-training/dataset/pascalvoc/VOCdevkit/VOC2012/JPEGImages/2008_000207.jpg,~/projects/pascalvoc-training/dataset/pascalvoc/VOCdevkit/VOC2012/SegmentationClass/2008_000207.png
~/projects/pascalvoc-training/dataset/pascalvoc/VOCdevkit/VOC2012/JPEGImages/2008_000217.jpg,~/projects/pascalvoc-training/dataset/pascalvoc/VOCdevkit/VOC2012/SegmentationClass/2008_000217.png
~/projects/pascalvoc-training/dataset/pascalvoc/VOCdevkit/VOC2012/JPEGImages/2008_000226.jpg,~/projects/pascalvoc-training/dataset/pascalvoc/VOCdevkit/VOC2012/SegmentationClass/2008_000226.png
~/projects/pascalvoc-training/dataset/pascalvoc/VOCdevkit/VOC2012/JPEGImages/2008_000235.jpg,~/projects/pascalvoc-training/dataset/pascalvoc/VOCdevkit/VOC2012/SegmentationClass/2008_000235.png
~/projects/pascalvoc-training/dataset/pascalvoc/VOCdevkit/VOC2012/JPEGImages/2008_000238.jpg,~/projects/pascalvoc-training/dataset/pascalvoc/VOCdevkit/VOC2012/SegmentationClass/2008_000238.png
~/projects/pascalvoc-training/dataset/pascalvoc/VOCdevkit/VOC2012/JPEGImages/2008_000259.jpg,~/projects/pascalvoc-training/dataset/pascalvoc/VOCdevkit/VOC2012/SegmentationClass/2008_000259.png
~/projects/pascalvoc-training/dataset/pascalvoc/VOCdevkit/VOC2012/JPEGImages/2008_000273.jpg,~/projects/pascalvoc-training/dataset/pascalvoc/VOCdevkit/VOC2012/SegmentationClass/2008_000273.png
~/projects/pascalvoc-training/dataset/pascalvoc/VOCdevkit/VOC2012/JPEGImages/2008_000284.jpg,~/projects/pascalvoc-training/dataset/pascalvoc/VOCdevkit/VOC2012/SegmentationClass/2008_000284.png
~/projects/pascalvoc-training/dataset/pascalvoc/VOCdevkit/VOC2012/JPEGImages/2008_000287.jpg,~/projects/pascalvoc-training/dataset/pascalvoc/VOCdevkit/VOC2012/SegmentationClass/2008_000287.png
~/projects/pascalvoc-training/dataset/pascalvoc/VOCdevkit/VOC2012/JPEGImages/2008_000289.jpg,~/projects/pascalvoc-training/dataset/pascalvoc/VOCdevkit/VOC2012/SegmentationClass/2008_000289.png
~/projects/pascalvoc-training/dataset/pascalvoc/VOCdevkit/VOC2012/JPEGImages/2008_000290.jpg,~/projects/pascalvoc-training/dataset/pascalvoc/VOCdevkit/VOC2012/SegmentationClass/2008_000290.png
~/projects/pascalvoc-training/dataset/pascalvoc/VOCdevkit/VOC2012/JPEGImages/2008_000309.jpg,~/projects/pascalvoc-training/dataset/pascalvoc/VOCdevkit/VOC2012/SegmentationClass/2008_000309.png
~/projects/pascalvoc-training/dataset/pascalvoc/VOCdevkit/VOC2012/JPEGImages/2008_000316.jpg,~/projects/pascalvoc-training/dataset/pascalvoc/VOCdevkit/VOC2012/SegmentationClass/2008_000316.png
~/projects/pascalvoc-training/dataset/pascalvoc/VOCdevkit/VOC2012/JPEGImages/2008_000336.jpg,~/projects/pascalvoc-training/dataset/pascalvoc/VOCdevkit/VOC2012/SegmentationClass/2008_000336.png
~/projects/pascalvoc-training/dataset/pascalvoc/VOCdevkit/VOC2012/JPEGImages/2008_000348.jpg,~/projects/pascalvoc-training/dataset/pascalvoc/VOCdevkit/VOC2012/SegmentationClass/2008_000348.png
~/projects/pascalvoc-training/dataset/pascalvoc/VOCdevkit/VOC2012/JPEGImages/2008_000361.jpg,~/projects/pascalvoc-training/dataset/pascalvoc/VOCdevkit/VOC2012/SegmentationClass/2008_000361.png
~/projects/pascalvoc-training/dataset/pascalvoc/VOCdevkit/VOC2012/JPEGImages/2008_000365.jpg,~/projects/pascalvoc-training/dataset/pascalvoc/VOCdevkit/VOC2012/SegmentationClass/2008_000365.png
~/projects/pascalvoc-training/dataset/pascalvoc/VOCdevkit/VOC2012/JPEGImages/2008_000399.jpg,~/projects/pascalvoc-training/dataset/pascalvoc/VOCdevkit/VOC2012/SegmentationClass/2008_000399.png
~/projects/pascalvoc-training/dataset/pascalvoc/VOCdevkit/VOC2012/JPEGImages/2008_000400.jpg,~/projects/pascalvoc-training/dataset/pascalvoc/VOCdevkit/VOC2012/SegmentationClass/2008_000400.png
~/projects/pascalvoc-training/dataset/pascalvoc/VOCdevkit/VOC2012/JPEGImages/2008_000415.jpg,~/projects/pascalvoc-training/dataset/pascalvoc/VOCdevkit/VOC2012/SegmentationClass/2008_000415.png
~/projects/pascalvoc-training/dataset/pascalvoc/VOCdevkit/VOC2012/JPEGImages/2008_000422.jpg,~/projects/pascalvoc-training/dataset/pascalvoc/VOCdevkit/VOC2012/SegmentationClass/2008_000422.png
~/projects/pascalvoc-training/dataset/pascalvoc/VOCdevkit/VOC2012/JPEGImages/2008_000436.jpg,~/projects/pascalvoc-training/dataset/pascalvoc/VOCdevkit/VOC2012/SegmentationClass/2008_000436.png
~/projects/pascalvoc-training/dataset/pascalvoc/VOCdevkit/VOC2012/JPEGImages/2008_000470.jpg,~/projects/pascalvoc-training/dataset/pascalvoc/VOCdevkit/VOC2012/SegmentationClass/2008_000470.png
~/projects/pascalvoc-training/dataset/pascalvoc/VOCdevkit/VOC2012/JPEGImages/2008_000491.jpg,~/projects/pascalvoc-training/dataset/pascalvoc/VOCdevkit/VOC2012/SegmentationClass/2008_000491.png
~/projects/pascalvoc-training/dataset/pascalvoc/VOCdevkit/VOC2012/JPEGImages/2008_000495.jpg,~/projects/pascalvoc-training/dataset/pascalvoc/VOCdevkit/VOC2012/SegmentationClass/2008_000495.png
~/projects/pascalvoc-training/dataset/pascalvoc/VOCdevkit/VOC2012/JPEGImages/2008_000505.jpg,~/projects/pascalvoc-training/dataset/pascalvoc/VOCdevkit/VOC2012/SegmentationClass/2008_000505.png
~/projects/pascalvoc-training/dataset/pascalvoc/VOCdevkit/VOC2012/JPEGImages/2008_000515.jpg,~/projects/pascalvoc-training/dataset/pascalvoc/VOCdevkit/VOC2012/SegmentationClass/2008_000515.png
~/projects/pascalvoc-training/dataset/pascalvoc/VOCdevkit/VOC2012/JPEGImages/2008_000540.jpg,~/projects/pascalvoc-training/dataset/pascalvoc/VOCdevkit/VOC2012/SegmentationClass/2008_000540.png
~/projects/pascalvoc-training/dataset/pascalvoc/VOCdevkit/VOC2012/JPEGImages/2008_000544.jpg,~/projects/pascalvoc-training/dataset/pascalvoc/VOCdevkit/VOC2012/SegmentationClass/2008_000544.png
~/projects/pascalvoc-training/dataset/pascalvoc/VOCdevkit/VOC2012/JPEGImages/2008_000567.jpg,~/projects/pascalvoc-training/dataset/pascalvoc/VOCdevkit/VOC2012/SegmentationClass/2008_000567.png
~/projects/pascalvoc-training/dataset/pascalvoc/VOCdevkit/VOC2012/JPEGImages/2008_000578.jpg,~/projects/pascalvoc-training/dataset/pascalvoc/VOCdevkit/VOC2012/SegmentationClass/2008_000578.png
~/projects/pascalvoc-training/dataset/pascalvoc/VOCdevkit/VOC2012/JPEGImages/2008_000584.jpg,~/projects/pascalvoc-training/dataset/pascalvoc/VOCdevkit/VOC2012/SegmentationClass/2008_000584.png
~/projects/pascalvoc-training/dataset/pascalvoc/VOCdevkit/VOC2012/JPEGImages/2008_000588.jpg,~/projects/pascalvoc-training/dataset/pascalvoc/VOCdevkit/VOC2012/SegmentationClass/2008_000588.png
~/projects/pascalvoc-training/dataset/pascalvoc/VOCdevkit/VOC2012/JPEGImages/2008_000595.jpg,~/projects/pascalvoc-training/dataset/pascalvoc/VOCdevkit/VOC2012/SegmentationClass/2008_000595.png
~/projects/pascalvoc-training/dataset/pascalvoc/VOCdevkit/VOC2012/JPEGImages/2008_000626.jpg,~/projects/pascalvoc-training/dataset/pascalvoc/VOCdevkit/VOC2012/SegmentationClass/2008_000626.png
~/projects/pascalvoc-training/dataset/pascalvoc/VOCdevkit/VOC2012/JPEGImages/2008_000645.jpg,~/projects/pascalvoc-training/dataset/pascalvoc/VOCdevkit/VOC2012/SegmentationClass/2008_000645.png
~/projects/pascalvoc-training/dataset/pascalvoc/VOCdevkit/VOC2012/JPEGImages/2008_000676.jpg,~/projects/pascalvoc-training/dataset/pascalvoc/VOCdevkit/VOC2012/SegmentationClass/2008_000676.png
~/projects/pascalvoc-training/dataset/pascalvoc/VOCdevkit/VOC2012/JPEGImages/2008_000696.jpg,~/projects/pascalvoc-training/dataset/pascalvoc/VOCdevkit/VOC2012/SegmentationClass/2008_000696.png
~/projects/pascalvoc-training/dataset/pascalvoc/VOCdevkit/VOC2012/JPEGImages/2008_000711.jpg,~/projects/pascalvoc-training/dataset/pascalvoc/VOCdevkit/VOC2012/SegmentationClass/2008_000711.png
~/projects/pascalvoc-training/dataset/pascalvoc/VOCdevkit/VOC2012/JPEGImages/2008_000716.jpg,~/projects/pascalvoc-training/dataset/pascalvoc/VOCdevkit/VOC2012/SegmentationClass/2008_000716.png
~/projects/pascalvoc-training/dataset/pascalvoc/VOCdevkit/VOC2012/JPEGImages/2008_000733.jpg,~/projects/pascalvoc-training/dataset/pascalvoc/VOCdevkit/VOC2012/SegmentationClass/2008_000733.png
~/projects/pascalvoc-training/dataset/pascalvoc/VOCdevkit/VOC2012/JPEGImages/2008_000760.jpg,~/projects/pascalvoc-training/dataset/pascalvoc/VOCdevkit/VOC2012/SegmentationClass/2008_000760.png
~/projects/pascalvoc-training/dataset/pascalvoc/VOCdevkit/VOC2012/JPEGImages/2008_000764.jpg,~/projects/pascalvoc-training/dataset/pascalvoc/VOCdevkit/VOC2012/SegmentationClass/2008_000764.png
~/projects/pascalvoc-training/dataset/pascalvoc/VOCdevkit/VOC2012/JPEGImages/2008_000778.jpg,~/projects/pascalvoc-training/dataset/pascalvoc/VOCdevkit/VOC2012/SegmentationClass/2008_000778.png
~/projects/pascalvoc-training/dataset/pascalvoc/VOCdevkit/VOC2012/JPEGImages/2008_000785.jpg,~/projects/pascalvoc-training/dataset/pascalvoc/VOCdevkit/VOC2012/SegmentationClass/2008_000785.png
~/projects/pascalvoc-training/dataset/pascalvoc/VOCdevkit/VOC2012/JPEGImages/2008_000832.jpg,~/projects/pascalvoc-training/dataset/pascalvoc/VOCdevkit/VOC2012/SegmentationClass/2008_000832.png
~/projects/pascalvoc-training/dataset/pascalvoc/VOCdevkit/VOC2012/JPEGImages/2008_000841.jpg,~/projects/pascalvoc-training/dataset/pascalvoc/VOCdevkit/VOC2012/SegmentationClass/2008_000841.png
~/projects/pascalvoc-training/dataset/pascalvoc/VOCdevkit/VOC2012/JPEGImages/2008_000860.jpg,~/projects/pascalvoc-training/dataset/pascalvoc/VOCdevkit/VOC2012/SegmentationClass/2008_000860.png
~/projects/pascalvoc-training/dataset/pascalvoc/VOCdevkit/VOC2012/JPEGImages/2008_000861.jpg,~/projects/pascalvoc-training/dataset/pascalvoc/VOCdevkit/VOC2012/SegmentationClass/2008_000861.png
~/projects/pascalvoc-training/dataset/pascalvoc/VOCdevkit/VOC2012/JPEGImages/2008_000870.jpg,~/projects/pascalvoc-training/dataset/pascalvoc/VOCdevkit/VOC2012/SegmentationClass/2008_000870.png
~/projects/pascalvoc-training/dataset/pascalvoc/VOCdevkit/VOC2012/JPEGImages/2008_000923.jpg,~/projects/pascalvoc-training/dataset/pascalvoc/VOCdevkit/VOC2012/SegmentationClass/2008_000923.png
~/projects/pascalvoc-training/dataset/pascalvoc/VOCdevkit/VOC2012/JPEGImages/2008_001030.jpg,~/projects/pascalvoc-training/dataset/pascalvoc/VOCdevkit/VOC2012/SegmentationClass/2008_001030.png
~/projects/pascalvoc-training/dataset/pascalvoc/VOCdevkit/VOC2012/JPEGImages/2008_001056.jpg,~/projects/pascalvoc-training/dataset/pascalvoc/VOCdevkit/VOC2012/SegmentationClass/2008_001056.png
~/projects/pascalvoc-training/dataset/pascalvoc/VOCdevkit/VOC2012/JPEGImages/2008_001106.jpg,~/projects/pascalvoc-training/dataset/pascalvoc/VOCdevkit/VOC2012/SegmentationClass/2008_001106.png
~/projects/pascalvoc-training/dataset/pascalvoc/VOCdevkit/VOC2012/JPEGImages/2008_001112.jpg,~/projects/pascalvoc-training/dataset/pascalvoc/VOCdevkit/VOC2012/SegmentationClass/2008_001112.png
~/projects/pascalvoc-training/dataset/pascalvoc/VOCdevkit/VOC2012/JPEGImages/2008_001118.jpg,~/projects/pascalvoc-training/dataset/pascalvoc/VOCdevkit/VOC2012/SegmentationClass/2008_001118.png
~/projects/pascalvoc-training/dataset/pascalvoc/VOCdevkit/VOC2012/JPEGImages/2008_001119.jpg,~/projects/pascalvoc-training/dataset/pascalvoc/VOCdevkit/VOC2012/SegmentationClass/2008_001119.png
~/projects/pascalvoc-training/dataset/pascalvoc/VOCdevkit/VOC2012/JPEGImages/2008_001137.jpg,~/projects/pascalvoc-training/dataset/pascalvoc/VOCdevkit/VOC2012/SegmentationClass/2008_001137.png
~/projects/pascalvoc-training/dataset/pascalvoc/VOCdevkit/VOC2012/JPEGImages/2008_001159.jpg,~/projects/pascalvoc-training/dataset/pascalvoc/VOCdevkit/VOC2012/SegmentationClass/2008_001159.png
~/projects/pascalvoc-training/dataset/pascalvoc/VOCdevkit/VOC2012/JPEGImages/2008_001169.jpg,~/projects/pascalvoc-training/dataset/pascalvoc/VOCdevkit/VOC2012/SegmentationClass/2008_001169.png
~/projects/pascalvoc-training/dataset/pascalvoc/VOCdevkit/VOC2012/JPEGImages/2008_001188.jpg,~/projects/pascalvoc-training/dataset/pascalvoc/VOCdevkit/VOC2012/SegmentationClass/2008_001188.png
~/projects/pascalvoc-training/dataset/pascalvoc/VOCdevkit/VOC2012/JPEGImages/2008_001203.jpg,~/projects/pascalvoc-training/dataset/pascalvoc/VOCdevkit/VOC2012/SegmentationClass/2008_001203.png
~/projects/pascalvoc-training/dataset/pascalvoc/VOCdevkit/VOC2012/JPEGImages/2008_001208.jpg,~/projects/pascalvoc-training/dataset/pascalvoc/VOCdevkit/VOC2012/SegmentationClass/2008_001208.png
~/projects/pascalvoc-training/dataset/pascalvoc/VOCdevkit/VOC2012/JPEGImages/2008_001215.jpg,~/projects/pascalvoc-training/dataset/pascalvoc/VOCdevkit/VOC2012/SegmentationClass/2008_001215.png
~/projects/pascalvoc-training/dataset/pascalvoc/VOCdevkit/VOC2012/JPEGImages/2008_001235.jpg,~/projects/pascalvoc-training/dataset/pascalvoc/VOCdevkit/VOC2012/SegmentationClass/2008_001235.png
~/projects/pascalvoc-training/dataset/pascalvoc/VOCdevkit/VOC2012/JPEGImages/2008_001245.jpg,~/projects/pascalvoc-training/dataset/pascalvoc/VOCdevkit/VOC2012/SegmentationClass/2008_001245.png
~/projects/pascalvoc-training/dataset/pascalvoc/VOCdevkit/VOC2012/JPEGImages/2008_001263.jpg,~/projects/pascalvoc-training/dataset/pascalvoc/VOCdevkit/VOC2012/SegmentationClass/2008_001263.png
~/projects/pascalvoc-training/dataset/pascalvoc/VOCdevkit/VOC2012/JPEGImages/2008_001274.jpg,~/projects/pascalvoc-training/dataset/pascalvoc/VOCdevkit/VOC2012/SegmentationClass/2008_001274.png
~/projects/pascalvoc-training/dataset/pascalvoc/VOCdevkit/VOC2012/JPEGImages/2008_001358.jpg,~/projects/pascalvoc-training/dataset/pascalvoc/VOCdevkit/VOC2012/SegmentationClass/2008_001358.png
~/projects/pascalvoc-training/dataset/pascalvoc/VOCdevkit/VOC2012/JPEGImages/2008_001375.jpg,~/projects/pascalvoc-training/dataset/pascalvoc/VOCdevkit/VOC2012/SegmentationClass/2008_001375.png
~/projects/pascalvoc-training/dataset/pascalvoc/VOCdevkit/VOC2012/JPEGImages/2008_001387.jpg,~/projects/pascalvoc-training/dataset/pascalvoc/VOCdevkit/VOC2012/SegmentationClass/2008_001387.png
~/projects/pascalvoc-training/dataset/pascalvoc/VOCdevkit/VOC2012/JPEGImages/2008_001399.jpg,~/projects/pascalvoc-training/dataset/pascalvoc/VOCdevkit/VOC2012/SegmentationClass/2008_001399.png
~/projects/pascalvoc-training/dataset/pascalvoc/VOCdevkit/VOC2012/JPEGImages/2008_001402.jpg,~/projects/pascalvoc-training/dataset/pascalvoc/VOCdevkit/VOC2012/SegmentationClass/2008_001402.png
~/projects/pascalvoc-training/dataset/pascalvoc/VOCdevkit/VOC2012/JPEGImages/2008_001408.jpg,~/projects/pascalvoc-training/dataset/pascalvoc/VOCdevkit/VOC2012/SegmentationClass/2008_001408.png
~/projects/pascalvoc-training/dataset/pascalvoc/VOCdevkit/VOC2012/JPEGImages/2008_001413.jpg,~/projects/pascalvoc-training/dataset/pascalvoc/VOCdevkit/VOC2012/SegmentationClass/2008_001413.png
~/projects/pascalvoc-training/dataset/pascalvoc/VOCdevkit/VOC2012/JPEGImages/2008_001462.jpg,~/projects/pascalvoc-training/dataset/pascalvoc/VOCdevkit/VOC2012/SegmentationClass/2008_001462.png
~/projects/pascalvoc-training/dataset/pascalvoc/VOCdevkit/VOC2012/JPEGImages/2008_001467.jpg,~/projects/pascalvoc-training/dataset/pascalvoc/VOCdevkit/VOC2012/SegmentationClass/2008_001467.png
~/projects/pascalvoc-training/dataset/pascalvoc/VOCdevkit/VOC2012/JPEGImages/2008_001479.jpg,~/projects/pascalvoc-training/dataset/pascalvoc/VOCdevkit/VOC2012/SegmentationClass/2008_001479.png
~/projects/pascalvoc-training/dataset/pascalvoc/VOCdevkit/VOC2012/JPEGImages/2008_001498.jpg,~/projects/pascalvoc-training/dataset/pascalvoc/VOCdevkit/VOC2012/SegmentationClass/2008_001498.png
~/projects/pascalvoc-training/dataset/pascalvoc/VOCdevkit/VOC2012/JPEGImages/2008_001510.jpg,~/projects/pascalvoc-training/dataset/pascalvoc/VOCdevkit/VOC2012/SegmentationClass/2008_001510.png
~/projects/pascalvoc-training/dataset/pascalvoc/VOCdevkit/VOC2012/JPEGImages/2008_001523.jpg,~/projects/pascalvoc-training/dataset/pascalvoc/VOCdevkit/VOC2012/SegmentationClass/2008_001523.png
~/projects/pascalvoc-training/dataset/pascalvoc/VOCdevkit/VOC2012/JPEGImages/2008_001566.jpg,~/projects/pascalvoc-training/dataset/pascalvoc/VOCdevkit/VOC2012/SegmentationClass/2008_001566.png
~/projects/pascalvoc-training/dataset/pascalvoc/VOCdevkit/VOC2012/JPEGImages/2008_001592.jpg,~/projects/pascalvoc-training/dataset/pascalvoc/VOCdevkit/VOC2012/SegmentationClass/2008_001592.png
~/projects/pascalvoc-training/dataset/pascalvoc/VOCdevkit/VOC2012/JPEGImages/2008_001601.jpg,~/projects/pascalvoc-training/dataset/pascalvoc/VOCdevkit/VOC2012/SegmentationClass/2008_001601.png
~/projects/pascalvoc-training/dataset/pascalvoc/VOCdevkit/VOC2012/JPEGImages/2008_001610.jpg,~/projects/pascalvoc-training/dataset/pascalvoc/VOCdevkit/VOC2012/SegmentationClass/2008_001610.png
~/projects/pascalvoc-training/dataset/pascalvoc/VOCdevkit/VOC2012/JPEGImages/2008_001632.jpg,~/projects/pascalvoc-training/dataset/pascalvoc/VOCdevkit/VOC2012/SegmentationClass/2008_001632.png
~/projects/pascalvoc-training/dataset/pascalvoc/VOCdevkit/VOC2012/JPEGImages/2008_001643.jpg,~/projects/pascalvoc-training/dataset/pascalvoc/VOCdevkit/VOC2012/SegmentationClass/2008_001643.png
~/projects/pascalvoc-training/dataset/pascalvoc/VOCdevkit/VOC2012/JPEGImages/2008_001691.jpg,~/projects/pascalvoc-training/dataset/pascalvoc/VOCdevkit/VOC2012/SegmentationClass/2008_001691.png
~/projects/pascalvoc-training/dataset/pascalvoc/VOCdevkit/VOC2012/JPEGImages/2008_001716.jpg,~/projects/pascalvoc-training/dataset/pascalvoc/VOCdevkit/VOC2012/SegmentationClass/2008_001716.png
~/projects/pascalvoc-training/dataset/pascalvoc/VOCdevkit/VOC2012/JPEGImages/2008_001719.jpg,~/projects/pascalvoc-training/dataset/pascalvoc/VOCdevkit/VOC2012/SegmentationClass/2008_001719.png
~/projects/pascalvoc-training/dataset/pascalvoc/VOCdevkit/VOC2012/JPEGImages/2008_001741.jpg,~/projects/pascalvoc-training/dataset/pascalvoc/VOCdevkit/VOC2012/SegmentationClass/2008_001741.png
~/projects/pascalvoc-training/dataset/pascalvoc/VOCdevkit/VOC2012/JPEGImages/2008_001761.jpg,~/projects/pascalvoc-training/dataset/pascalvoc/VOCdevkit/VOC2012/SegmentationClass/2008_001761.png
~/projects/pascalvoc-training/dataset/pascalvoc/VOCdevkit/VOC2012/JPEGImages/2008_001787.jpg,~/projects/pascalvoc-training/dataset/pascalvoc/VOCdevkit/VOC2012/SegmentationClass/2008_001787.png
~/projects/pascalvoc-training/dataset/pascalvoc/VOCdevkit/VOC2012/JPEGImages/2008_001829.jpg,~/projects/pascalvoc-training/dataset/pascalvoc/VOCdevkit/VOC2012/SegmentationClass/2008_001829.png
~/projects/pascalvoc-training/dataset/pascalvoc/VOCdevkit/VOC2012/JPEGImages/2008_001876.jpg,~/projects/pascalvoc-training/dataset/pascalvoc/VOCdevkit/VOC2012/SegmentationClass/2008_001876.png
~/projects/pascalvoc-training/dataset/pascalvoc/VOCdevkit/VOC2012/JPEGImages/2008_001882.jpg,~/projects/pascalvoc-training/dataset/pascalvoc/VOCdevkit/VOC2012/SegmentationClass/2008_001882.png
~/projects/pascalvoc-training/dataset/pascalvoc/VOCdevkit/VOC2012/JPEGImages/2008_001896.jpg,~/projects/pascalvoc-training/dataset/pascalvoc/VOCdevkit/VOC2012/SegmentationClass/2008_001896.png
~/projects/pascalvoc-training/dataset/pascalvoc/VOCdevkit/VOC2012/JPEGImages/2008_001926.jpg,~/projects/pascalvoc-training/dataset/pascalvoc/VOCdevkit/VOC2012/SegmentationClass/2008_001926.png
~/projects/pascalvoc-training/dataset/pascalvoc/VOCdevkit/VOC2012/JPEGImages/2008_001997.jpg,~/projects/pascalvoc-training/dataset/pascalvoc/VOCdevkit/VOC2012/SegmentationClass/2008_001997.png
~/projects/pascalvoc-training/dataset/pascalvoc/VOCdevkit/VOC2012/JPEGImages/2008_002032.jpg,~/projects/pascalvoc-training/dataset/pascalvoc/VOCdevkit/VOC2012/SegmentationClass/2008_002032.png
~/projects/pascalvoc-training/dataset/pascalvoc/VOCdevkit/VOC2012/JPEGImages/2008_002064.jpg,~/projects/pascalvoc-training/dataset/pascalvoc/VOCdevkit/VOC2012/SegmentationClass/2008_002064.png
~/projects/pascalvoc-training/dataset/pascalvoc/VOCdevkit/VOC2012/JPEGImages/2008_002066.jpg,~/projects/pascalvoc-training/dataset/pascalvoc/VOCdevkit/VOC2012/SegmentationClass/2008_002066.png
~/projects/pascalvoc-training/dataset/pascalvoc/VOCdevkit/VOC2012/JPEGImages/2008_002067.jpg,~/projects/pascalvoc-training/dataset/pascalvoc/VOCdevkit/VOC2012/SegmentationClass/2008_002067.png
~/projects/pascalvoc-training/dataset/pascalvoc/VOCdevkit/VOC2012/JPEGImages/2008_002073.jpg,~/projects/pascalvoc-training/dataset/pascalvoc/VOCdevkit/VOC2012/SegmentationClass/2008_002073.png
~/projects/pascalvoc-training/dataset/pascalvoc/VOCdevkit/VOC2012/JPEGImages/2008_002079.jpg,~/projects/pascalvoc-training/dataset/pascalvoc/VOCdevkit/VOC2012/SegmentationClass/2008_002079.png
~/projects/pascalvoc-training/dataset/pascalvoc/VOCdevkit/VOC2012/JPEGImages/2008_002080.jpg,~/projects/pascalvoc-training/dataset/pascalvoc/VOCdevkit/VOC2012/SegmentationClass/2008_002080.png
~/projects/pascalvoc-training/dataset/pascalvoc/VOCdevkit/VOC2012/JPEGImages/2008_002123.jpg,~/projects/pascalvoc-training/dataset/pascalvoc/VOCdevkit/VOC2012/SegmentationClass/2008_002123.png
~/projects/pascalvoc-training/dataset/pascalvoc/VOCdevkit/VOC2012/JPEGImages/2008_002160.jpg,~/projects/pascalvoc-training/dataset/pascalvoc/VOCdevkit/VOC2012/SegmentationClass/2008_002160.png
~/projects/pascalvoc-training/dataset/pascalvoc/VOCdevkit/VOC2012/JPEGImages/2008_002175.jpg,~/projects/pascalvoc-training/dataset/pascalvoc/VOCdevkit/VOC2012/SegmentationClass/2008_002175.png
~/projects/pascalvoc-training/dataset/pascalvoc/VOCdevkit/VOC2012/JPEGImages/2008_002177.jpg,~/projects/pascalvoc-training/dataset/pascalvoc/VOCdevkit/VOC2012/SegmentationClass/2008_002177.png
~/projects/pascalvoc-training/dataset/pascalvoc/VOCdevkit/VOC2012/JPEGImages/2008_002182.jpg,~/projects/pascalvoc-training/dataset/pascalvoc/VOCdevkit/VOC2012/SegmentationClass/2008_002182.png
~/projects/pascalvoc-training/dataset/pascalvoc/VOCdevkit/VOC2012/JPEGImages/2008_002200.jpg,~/projects/pascalvoc-training/dataset/pascalvoc/VOCdevkit/VOC2012/SegmentationClass/2008_002200.png
~/projects/pascalvoc-training/dataset/pascalvoc/VOCdevkit/VOC2012/JPEGImages/2008_002210.jpg,~/projects/pascalvoc-training/dataset/pascalvoc/VOCdevkit/VOC2012/SegmentationClass/2008_002210.png
~/projects/pascalvoc-training/dataset/pascalvoc/VOCdevkit/VOC2012/JPEGImages/2008_002215.jpg,~/projects/pascalvoc-training/dataset/pascalvoc/VOCdevkit/VOC2012/SegmentationClass/2008_002215.png
~/projects/pascalvoc-training/dataset/pascalvoc/VOCdevkit/VOC2012/JPEGImages/2008_002218.jpg,~/projects/pascalvoc-training/dataset/pascalvoc/VOCdevkit/VOC2012/SegmentationClass/2008_002218.png
~/projects/pascalvoc-training/dataset/pascalvoc/VOCdevkit/VOC2012/JPEGImages/2008_002221.jpg,~/projects/pascalvoc-training/dataset/pascalvoc/VOCdevkit/VOC2012/SegmentationClass/2008_002221.png
~/projects/pascalvoc-training/dataset/pascalvoc/VOCdevkit/VOC2012/JPEGImages/2008_002247.jpg,~/projects/pascalvoc-training/dataset/pascalvoc/VOCdevkit/VOC2012/SegmentationClass/2008_002247.png
~/projects/pascalvoc-training/dataset/pascalvoc/VOCdevkit/VOC2012/JPEGImages/2008_002248.jpg,~/projects/pascalvoc-training/dataset/pascalvoc/VOCdevkit/VOC2012/SegmentationClass/2008_002248.png
~/projects/pascalvoc-training/dataset/pascalvoc/VOCdevkit/VOC2012/JPEGImages/2008_002255.jpg,~/projects/pascalvoc-training/dataset/pascalvoc/VOCdevkit/VOC2012/SegmentationClass/2008_002255.png
~/projects/pascalvoc-training/dataset/pascalvoc/VOCdevkit/VOC2012/JPEGImages/2008_002258.jpg,~/projects/pascalvoc-training/dataset/pascalvoc/VOCdevkit/VOC2012/SegmentationClass/2008_002258.png
~/projects/pascalvoc-training/dataset/pascalvoc/VOCdevkit/VOC2012/JPEGImages/2008_002288.jpg,~/projects/pascalvoc-training/dataset/pascalvoc/VOCdevkit/VOC2012/SegmentationClass/2008_002288.png
~/projects/pascalvoc-training/dataset/pascalvoc/VOCdevkit/VOC2012/JPEGImages/2008_002338.jpg,~/projects/pascalvoc-training/dataset/pascalvoc/VOCdevkit/VOC2012/SegmentationClass/2008_002338.png
~/projects/pascalvoc-training/dataset/pascalvoc/VOCdevkit/VOC2012/JPEGImages/2008_002411.jpg,~/projects/pascalvoc-training/dataset/pascalvoc/VOCdevkit/VOC2012/SegmentationClass/2008_002411.png
~/projects/pascalvoc-training/dataset/pascalvoc/VOCdevkit/VOC2012/JPEGImages/2008_002425.jpg,~/projects/pascalvoc-training/dataset/pascalvoc/VOCdevkit/VOC2012/SegmentationClass/2008_002425.png
~/projects/pascalvoc-training/dataset/pascalvoc/VOCdevkit/VOC2012/JPEGImages/2008_002471.jpg,~/projects/pascalvoc-training/dataset/pascalvoc/VOCdevkit/VOC2012/SegmentationClass/2008_002471.png
~/projects/pascalvoc-training/dataset/pascalvoc/VOCdevkit/VOC2012/JPEGImages/2008_002473.jpg,~/projects/pascalvoc-training/dataset/pascalvoc/VOCdevkit/VOC2012/SegmentationClass/2008_002473.png
~/projects/pascalvoc-training/dataset/pascalvoc/VOCdevkit/VOC2012/JPEGImages/2008_002551.jpg,~/projects/pascalvoc-training/dataset/pascalvoc/VOCdevkit/VOC2012/SegmentationClass/2008_002551.png
~/projects/pascalvoc-training/dataset/pascalvoc/VOCdevkit/VOC2012/JPEGImages/2008_002641.jpg,~/projects/pascalvoc-training/dataset/pascalvoc/VOCdevkit/VOC2012/SegmentationClass/2008_002641.png
~/projects/pascalvoc-training/dataset/pascalvoc/VOCdevkit/VOC2012/JPEGImages/2008_002650.jpg,~/projects/pascalvoc-training/dataset/pascalvoc/VOCdevkit/VOC2012/SegmentationClass/2008_002650.png
~/projects/pascalvoc-training/dataset/pascalvoc/VOCdevkit/VOC2012/JPEGImages/2008_002697.jpg,~/projects/pascalvoc-training/dataset/pascalvoc/VOCdevkit/VOC2012/SegmentationClass/2008_002697.png
~/projects/pascalvoc-training/dataset/pascalvoc/VOCdevkit/VOC2012/JPEGImages/2008_002704.jpg,~/projects/pascalvoc-training/dataset/pascalvoc/VOCdevkit/VOC2012/SegmentationClass/2008_002704.png
~/projects/pascalvoc-training/dataset/pascalvoc/VOCdevkit/VOC2012/JPEGImages/2008_002710.jpg,~/projects/pascalvoc-training/dataset/pascalvoc/VOCdevkit/VOC2012/SegmentationClass/2008_002710.png
~/projects/pascalvoc-training/dataset/pascalvoc/VOCdevkit/VOC2012/JPEGImages/2008_002719.jpg,~/projects/pascalvoc-training/dataset/pascalvoc/VOCdevkit/VOC2012/SegmentationClass/2008_002719.png
~/projects/pascalvoc-training/dataset/pascalvoc/VOCdevkit/VOC2012/JPEGImages/2008_002749.jpg,~/projects/pascalvoc-training/dataset/pascalvoc/VOCdevkit/VOC2012/SegmentationClass/2008_002749.png
~/projects/pascalvoc-training/dataset/pascalvoc/VOCdevkit/VOC2012/JPEGImages/2008_002762.jpg,~/projects/pascalvoc-training/dataset/pascalvoc/VOCdevkit/VOC2012/SegmentationClass/2008_002762.png
~/projects/pascalvoc-training/dataset/pascalvoc/VOCdevkit/VOC2012/JPEGImages/2008_002772.jpg,~/projects/pascalvoc-training/dataset/pascalvoc/VOCdevkit/VOC2012/SegmentationClass/2008_002772.png
~/projects/pascalvoc-training/dataset/pascalvoc/VOCdevkit/VOC2012/JPEGImages/2008_002834.jpg,~/projects/pascalvoc-training/dataset/pascalvoc/VOCdevkit/VOC2012/SegmentationClass/2008_002834.png
~/projects/pascalvoc-training/dataset/pascalvoc/VOCdevkit/VOC2012/JPEGImages/2008_002868.jpg,~/projects/pascalvoc-training/dataset/pascalvoc/VOCdevkit/VOC2012/SegmentationClass/2008_002868.png
~/projects/pascalvoc-training/dataset/pascalvoc/VOCdevkit/VOC2012/JPEGImages/2008_002885.jpg,~/projects/pascalvoc-training/dataset/pascalvoc/VOCdevkit/VOC2012/SegmentationClass/2008_002885.png
~/projects/pascalvoc-training/dataset/pascalvoc/VOCdevkit/VOC2012/JPEGImages/2008_002894.jpg,~/projects/pascalvoc-training/dataset/pascalvoc/VOCdevkit/VOC2012/SegmentationClass/2008_002894.png
~/projects/pascalvoc-training/dataset/pascalvoc/VOCdevkit/VOC2012/JPEGImages/2008_002960.jpg,~/projects/pascalvoc-training/dataset/pascalvoc/VOCdevkit/VOC2012/SegmentationClass/2008_002960.png
~/projects/pascalvoc-training/dataset/pascalvoc/VOCdevkit/VOC2012/JPEGImages/2008_002970.jpg,~/projects/pascalvoc-training/dataset/pascalvoc/VOCdevkit/VOC2012/SegmentationClass/2008_002970.png
~/projects/pascalvoc-training/dataset/pascalvoc/VOCdevkit/VOC2012/JPEGImages/2008_002972.jpg,~/projects/pascalvoc-training/dataset/pascalvoc/VOCdevkit/VOC2012/SegmentationClass/2008_002972.png
~/projects/pascalvoc-training/dataset/pascalvoc/VOCdevkit/VOC2012/JPEGImages/2008_002993.jpg,~/projects/pascalvoc-training/dataset/pascalvoc/VOCdevkit/VOC2012/SegmentationClass/2008_002993.png
~/projects/pascalvoc-training/dataset/pascalvoc/VOCdevkit/VOC2012/JPEGImages/2008_003060.jpg,~/projects/pascalvoc-training/dataset/pascalvoc/VOCdevkit/VOC2012/SegmentationClass/2008_003060.png
~/projects/pascalvoc-training/dataset/pascalvoc/VOCdevkit/VOC2012/JPEGImages/2008_003065.jpg,~/projects/pascalvoc-training/dataset/pascalvoc/VOCdevkit/VOC2012/SegmentationClass/2008_003065.png
~/projects/pascalvoc-training/dataset/pascalvoc/VOCdevkit/VOC2012/JPEGImages/2008_003068.jpg,~/projects/pascalvoc-training/dataset/pascalvoc/VOCdevkit/VOC2012/SegmentationClass/2008_003068.png
~/projects/pascalvoc-training/dataset/pascalvoc/VOCdevkit/VOC2012/JPEGImages/2008_003083.jpg,~/projects/pascalvoc-training/dataset/pascalvoc/VOCdevkit/VOC2012/SegmentationClass/2008_003083.png
~/projects/pascalvoc-training/dataset/pascalvoc/VOCdevkit/VOC2012/JPEGImages/2008_003087.jpg,~/projects/pascalvoc-training/dataset/pascalvoc/VOCdevkit/VOC2012/SegmentationClass/2008_003087.png
~/projects/pascalvoc-training/dataset/pascalvoc/VOCdevkit/VOC2012/JPEGImages/2008_003094.jpg,~/projects/pascalvoc-training/dataset/pascalvoc/VOCdevkit/VOC2012/SegmentationClass/2008_003094.png
~/projects/pascalvoc-training/dataset/pascalvoc/VOCdevkit/VOC2012/JPEGImages/2008_003101.jpg,~/projects/pascalvoc-training/dataset/pascalvoc/VOCdevkit/VOC2012/SegmentationClass/2008_003101.png
~/projects/pascalvoc-training/dataset/pascalvoc/VOCdevkit/VOC2012/JPEGImages/2008_003168.jpg,~/projects/pascalvoc-training/dataset/pascalvoc/VOCdevkit/VOC2012/SegmentationClass/2008_003168.png
~/projects/pascalvoc-training/dataset/pascalvoc/VOCdevkit/VOC2012/JPEGImages/2008_003180.jpg,~/projects/pascalvoc-training/dataset/pascalvoc/VOCdevkit/VOC2012/SegmentationClass/2008_003180.png
~/projects/pascalvoc-training/dataset/pascalvoc/VOCdevkit/VOC2012/JPEGImages/2008_003196.jpg,~/projects/pascalvoc-training/dataset/pascalvoc/VOCdevkit/VOC2012/SegmentationClass/2008_003196.png
~/projects/pascalvoc-training/dataset/pascalvoc/VOCdevkit/VOC2012/JPEGImages/2008_003200.jpg,~/projects/pascalvoc-training/dataset/pascalvoc/VOCdevkit/VOC2012/SegmentationClass/2008_003200.png
~/projects/pascalvoc-training/dataset/pascalvoc/VOCdevkit/VOC2012/JPEGImages/2008_003208.jpg,~/projects/pascalvoc-training/dataset/pascalvoc/VOCdevkit/VOC2012/SegmentationClass/2008_003208.png
~/projects/pascalvoc-training/dataset/pascalvoc/VOCdevkit/VOC2012/JPEGImages/2008_003252.jpg,~/projects/pascalvoc-training/dataset/pascalvoc/VOCdevkit/VOC2012/SegmentationClass/2008_003252.png
~/projects/pascalvoc-training/dataset/pascalvoc/VOCdevkit/VOC2012/JPEGImages/2008_003329.jpg,~/projects/pascalvoc-training/dataset/pascalvoc/VOCdevkit/VOC2012/SegmentationClass/2008_003329.png
~/projects/pascalvoc-training/dataset/pascalvoc/VOCdevkit/VOC2012/JPEGImages/2008_003362.jpg,~/projects/pascalvoc-training/dataset/pascalvoc/VOCdevkit/VOC2012/SegmentationClass/2008_003362.png
~/projects/pascalvoc-training/dataset/pascalvoc/VOCdevkit/VOC2012/JPEGImages/2008_003373.jpg,~/projects/pascalvoc-training/dataset/pascalvoc/VOCdevkit/VOC2012/SegmentationClass/2008_003373.png
~/projects/pascalvoc-training/dataset/pascalvoc/VOCdevkit/VOC2012/JPEGImages/2008_003381.jpg,~/projects/pascalvoc-training/dataset/pascalvoc/VOCdevkit/VOC2012/SegmentationClass/2008_003381.png
~/projects/pascalvoc-training/dataset/pascalvoc/VOCdevkit/VOC2012/JPEGImages/2008_003415.jpg,~/projects/pascalvoc-training/dataset/pascalvoc/VOCdevkit/VOC2012/SegmentationClass/2008_003415.png
~/projects/pascalvoc-training/dataset/pascalvoc/VOCdevkit/VOC2012/JPEGImages/2008_003429.jpg,~/projects/pascalvoc-training/dataset/pascalvoc/VOCdevkit/VOC2012/SegmentationClass/2008_003429.png
~/projects/pascalvoc-training/dataset/pascalvoc/VOCdevkit/VOC2012/JPEGImages/2008_003480.jpg,~/projects/pascalvoc-training/dataset/pascalvoc/VOCdevkit/VOC2012/SegmentationClass/2008_003480.png
~/projects/pascalvoc-training/dataset/pascalvoc/VOCdevkit/VOC2012/JPEGImages/2008_003500.jpg,~/projects/pascalvoc-training/dataset/pascalvoc/VOCdevkit/VOC2012/SegmentationClass/2008_003500.png
~/projects/pascalvoc-training/dataset/pascalvoc/VOCdevkit/VOC2012/JPEGImages/2008_003523.jpg,~/projects/pascalvoc-training/dataset/pascalvoc/VOCdevkit/VOC2012/SegmentationClass/2008_003523.png
~/projects/pascalvoc-training/dataset/pascalvoc/VOCdevkit/VOC2012/JPEGImages/2008_003562.jpg,~/projects/pascalvoc-training/dataset/pascalvoc/VOCdevkit/VOC2012/SegmentationClass/2008_003562.png
~/projects/pascalvoc-training/dataset/pascalvoc/VOCdevkit/VOC2012/JPEGImages/2008_003585.jpg,~/projects/pascalvoc-training/dataset/pascalvoc/VOCdevkit/VOC2012/SegmentationClass/2008_003585.png
~/projects/pascalvoc-training/dataset/pascalvoc/VOCdevkit/VOC2012/JPEGImages/2008_003665.jpg,~/projects/pascalvoc-training/dataset/pascalvoc/VOCdevkit/VOC2012/SegmentationClass/2008_003665.png
~/projects/pascalvoc-training/dataset/pascalvoc/VOCdevkit/VOC2012/JPEGImages/2008_003691.jpg,~/projects/pascalvoc-training/dataset/pascalvoc/VOCdevkit/VOC2012/SegmentationClass/2008_003691.png
~/projects/pascalvoc-training/dataset/pascalvoc/VOCdevkit/VOC2012/JPEGImages/2008_003701.jpg,~/projects/pascalvoc-training/dataset/pascalvoc/VOCdevkit/VOC2012/SegmentationClass/2008_003701.png
~/projects/pascalvoc-training/dataset/pascalvoc/VOCdevkit/VOC2012/JPEGImages/2008_003703.jpg,~/projects/pascalvoc-training/dataset/pascalvoc/VOCdevkit/VOC2012/SegmentationClass/2008_003703.png
~/projects/pascalvoc-training/dataset/pascalvoc/VOCdevkit/VOC2012/JPEGImages/2008_003729.jpg,~/projects/pascalvoc-training/dataset/pascalvoc/VOCdevkit/VOC2012/SegmentationClass/2008_003729.png
~/projects/pascalvoc-training/dataset/pascalvoc/VOCdevkit/VOC2012/JPEGImages/2008_003769.jpg,~/projects/pascalvoc-training/dataset/pascalvoc/VOCdevkit/VOC2012/SegmentationClass/2008_003769.png
~/projects/pascalvoc-training/dataset/pascalvoc/VOCdevkit/VOC2012/JPEGImages/2008_003774.jpg,~/projects/pascalvoc-training/dataset/pascalvoc/VOCdevkit/VOC2012/SegmentationClass/2008_003774.png
~/projects/pascalvoc-training/dataset/pascalvoc/VOCdevkit/VOC2012/JPEGImages/2008_003779.jpg,~/projects/pascalvoc-training/dataset/pascalvoc/VOCdevkit/VOC2012/SegmentationClass/2008_003779.png
~/projects/pascalvoc-training/dataset/pascalvoc/VOCdevkit/VOC2012/JPEGImages/2008_003814.jpg,~/projects/pascalvoc-training/dataset/pascalvoc/VOCdevkit/VOC2012/SegmentationClass/2008_003814.png
~/projects/pascalvoc-training/dataset/pascalvoc/VOCdevkit/VOC2012/JPEGImages/2008_003913.jpg,~/projects/pascalvoc-training/dataset/pascalvoc/VOCdevkit/VOC2012/SegmentationClass/2008_003913.png
~/projects/pascalvoc-training/dataset/pascalvoc/VOCdevkit/VOC2012/JPEGImages/2008_003939.jpg,~/projects/pascalvoc-training/dataset/pascalvoc/VOCdevkit/VOC2012/SegmentationClass/2008_003939.png
~/projects/pascalvoc-training/dataset/pascalvoc/VOCdevkit/VOC2012/JPEGImages/2008_003947.jpg,~/projects/pascalvoc-training/dataset/pascalvoc/VOCdevkit/VOC2012/SegmentationClass/2008_003947.png
~/projects/pascalvoc-training/dataset/pascalvoc/VOCdevkit/VOC2012/JPEGImages/2008_003986.jpg,~/projects/pascalvoc-training/dataset/pascalvoc/VOCdevkit/VOC2012/SegmentationClass/2008_003986.png
~/projects/pascalvoc-training/dataset/pascalvoc/VOCdevkit/VOC2012/JPEGImages/2008_003998.jpg,~/projects/pascalvoc-training/dataset/pascalvoc/VOCdevkit/VOC2012/SegmentationClass/2008_003998.png
~/projects/pascalvoc-training/dataset/pascalvoc/VOCdevkit/VOC2012/JPEGImages/2008_004014.jpg,~/projects/pascalvoc-training/dataset/pascalvoc/VOCdevkit/VOC2012/SegmentationClass/2008_004014.png
~/projects/pascalvoc-training/dataset/pascalvoc/VOCdevkit/VOC2012/JPEGImages/2008_004026.jpg,~/projects/pascalvoc-training/dataset/pascalvoc/VOCdevkit/VOC2012/SegmentationClass/2008_004026.png
~/projects/pascalvoc-training/dataset/pascalvoc/VOCdevkit/VOC2012/JPEGImages/2008_004055.jpg,~/projects/pascalvoc-training/dataset/pascalvoc/VOCdevkit/VOC2012/SegmentationClass/2008_004055.png
~/projects/pascalvoc-training/dataset/pascalvoc/VOCdevkit/VOC2012/JPEGImages/2008_004080.jpg,~/projects/pascalvoc-training/dataset/pascalvoc/VOCdevkit/VOC2012/SegmentationClass/2008_004080.png
~/projects/pascalvoc-training/dataset/pascalvoc/VOCdevkit/VOC2012/JPEGImages/2008_004097.jpg,~/projects/pascalvoc-training/dataset/pascalvoc/VOCdevkit/VOC2012/SegmentationClass/2008_004097.png
~/projects/pascalvoc-training/dataset/pascalvoc/VOCdevkit/VOC2012/JPEGImages/2008_004112.jpg,~/projects/pascalvoc-training/dataset/pascalvoc/VOCdevkit/VOC2012/SegmentationClass/2008_004112.png
~/projects/pascalvoc-training/dataset/pascalvoc/VOCdevkit/VOC2012/JPEGImages/2008_004259.jpg,~/projects/pascalvoc-training/dataset/pascalvoc/VOCdevkit/VOC2012/SegmentationClass/2008_004259.png
~/projects/pascalvoc-training/dataset/pascalvoc/VOCdevkit/VOC2012/JPEGImages/2008_004321.jpg,~/projects/pascalvoc-training/dataset/pascalvoc/VOCdevkit/VOC2012/SegmentationClass/2008_004321.png
~/projects/pascalvoc-training/dataset/pascalvoc/VOCdevkit/VOC2012/JPEGImages/2008_004358.jpg,~/projects/pascalvoc-training/dataset/pascalvoc/VOCdevkit/VOC2012/SegmentationClass/2008_004358.png
~/projects/pascalvoc-training/dataset/pascalvoc/VOCdevkit/VOC2012/JPEGImages/2008_004365.jpg,~/projects/pascalvoc-training/dataset/pascalvoc/VOCdevkit/VOC2012/SegmentationClass/2008_004365.png
~/projects/pascalvoc-training/dataset/pascalvoc/VOCdevkit/VOC2012/JPEGImages/2008_004416.jpg,~/projects/pascalvoc-training/dataset/pascalvoc/VOCdevkit/VOC2012/SegmentationClass/2008_004416.png
~/projects/pascalvoc-training/dataset/pascalvoc/VOCdevkit/VOC2012/JPEGImages/2008_004430.jpg,~/projects/pascalvoc-training/dataset/pascalvoc/VOCdevkit/VOC2012/SegmentationClass/2008_004430.png
~/projects/pascalvoc-training/dataset/pascalvoc/VOCdevkit/VOC2012/JPEGImages/2008_004441.jpg,~/projects/pascalvoc-training/dataset/pascalvoc/VOCdevkit/VOC2012/SegmentationClass/2008_004441.png
~/projects/pascalvoc-training/dataset/pascalvoc/VOCdevkit/VOC2012/JPEGImages/2008_004547.jpg,~/projects/pascalvoc-training/dataset/pascalvoc/VOCdevkit/VOC2012/SegmentationClass/2008_004547.png
~/projects/pascalvoc-training/dataset/pascalvoc/VOCdevkit/VOC2012/JPEGImages/2008_004551.jpg,~/projects/pascalvoc-training/dataset/pascalvoc/VOCdevkit/VOC2012/SegmentationClass/2008_004551.png
~/projects/pascalvoc-training/dataset/pascalvoc/VOCdevkit/VOC2012/JPEGImages/2008_004583.jpg,~/projects/pascalvoc-training/dataset/pascalvoc/VOCdevkit/VOC2012/SegmentationClass/2008_004583.png
~/projects/pascalvoc-training/dataset/pascalvoc/VOCdevkit/VOC2012/JPEGImages/2008_004588.jpg,~/projects/pascalvoc-training/dataset/pascalvoc/VOCdevkit/VOC2012/SegmentationClass/2008_004588.png
~/projects/pascalvoc-training/dataset/pascalvoc/VOCdevkit/VOC2012/JPEGImages/2008_004607.jpg,~/projects/pascalvoc-training/dataset/pascalvoc/VOCdevkit/VOC2012/SegmentationClass/2008_004607.png
~/projects/pascalvoc-training/dataset/pascalvoc/VOCdevkit/VOC2012/JPEGImages/2008_004663.jpg,~/projects/pascalvoc-training/dataset/pascalvoc/VOCdevkit/VOC2012/SegmentationClass/2008_004663.png
~/projects/pascalvoc-training/dataset/pascalvoc/VOCdevkit/VOC2012/JPEGImages/2008_004750.jpg,~/projects/pascalvoc-training/dataset/pascalvoc/VOCdevkit/VOC2012/SegmentationClass/2008_004750.png
~/projects/pascalvoc-training/dataset/pascalvoc/VOCdevkit/VOC2012/JPEGImages/2008_004776.jpg,~/projects/pascalvoc-training/dataset/pascalvoc/VOCdevkit/VOC2012/SegmentationClass/2008_004776.png
~/projects/pascalvoc-training/dataset/pascalvoc/VOCdevkit/VOC2012/JPEGImages/2008_004822.jpg,~/projects/pascalvoc-training/dataset/pascalvoc/VOCdevkit/VOC2012/SegmentationClass/2008_004822.png
~/projects/pascalvoc-training/dataset/pascalvoc/VOCdevkit/VOC2012/JPEGImages/2008_004838.jpg,~/projects/pascalvoc-training/dataset/pascalvoc/VOCdevkit/VOC2012/SegmentationClass/2008_004838.png
~/projects/pascalvoc-training/dataset/pascalvoc/VOCdevkit/VOC2012/JPEGImages/2008_004841.jpg,~/projects/pascalvoc-training/dataset/pascalvoc/VOCdevkit/VOC2012/SegmentationClass/2008_004841.png
~/projects/pascalvoc-training/dataset/pascalvoc/VOCdevkit/VOC2012/JPEGImages/2008_004869.jpg,~/projects/pascalvoc-training/dataset/pascalvoc/VOCdevkit/VOC2012/SegmentationClass/2008_004869.png
~/projects/pascalvoc-training/dataset/pascalvoc/VOCdevkit/VOC2012/JPEGImages/2008_004892.jpg,~/projects/pascalvoc-training/dataset/pascalvoc/VOCdevkit/VOC2012/SegmentationClass/2008_004892.png
~/projects/pascalvoc-training/dataset/pascalvoc/VOCdevkit/VOC2012/JPEGImages/2008_004911.jpg,~/projects/pascalvoc-training/dataset/pascalvoc/VOCdevkit/VOC2012/SegmentationClass/2008_004911.png
~/projects/pascalvoc-training/dataset/pascalvoc/VOCdevkit/VOC2012/JPEGImages/2008_004914.jpg,~/projects/pascalvoc-training/dataset/pascalvoc/VOCdevkit/VOC2012/SegmentationClass/2008_004914.png
~/projects/pascalvoc-training/dataset/pascalvoc/VOCdevkit/VOC2012/JPEGImages/2008_004946.jpg,~/projects/pascalvoc-training/dataset/pascalvoc/VOCdevkit/VOC2012/SegmentationClass/2008_004946.png
~/projects/pascalvoc-training/dataset/pascalvoc/VOCdevkit/VOC2012/JPEGImages/2008_004983.jpg,~/projects/pascalvoc-training/dataset/pascalvoc/VOCdevkit/VOC2012/SegmentationClass/2008_004983.png
~/projects/pascalvoc-training/dataset/pascalvoc/VOCdevkit/VOC2012/JPEGImages/2008_005006.jpg,~/projects/pascalvoc-training/dataset/pascalvoc/VOCdevkit/VOC2012/SegmentationClass/2008_005006.png
~/projects/pascalvoc-training/dataset/pascalvoc/VOCdevkit/VOC2012/JPEGImages/2008_005074.jpg,~/projects/pascalvoc-training/dataset/pascalvoc/VOCdevkit/VOC2012/SegmentationClass/2008_005074.png
~/projects/pascalvoc-training/dataset/pascalvoc/VOCdevkit/VOC2012/JPEGImages/2008_005196.jpg,~/projects/pascalvoc-training/dataset/pascalvoc/VOCdevkit/VOC2012/SegmentationClass/2008_005196.png
~/projects/pascalvoc-training/dataset/pascalvoc/VOCdevkit/VOC2012/JPEGImages/2008_005214.jpg,~/projects/pascalvoc-training/dataset/pascalvoc/VOCdevkit/VOC2012/SegmentationClass/2008_005214.png
~/projects/pascalvoc-training/dataset/pascalvoc/VOCdevkit/VOC2012/JPEGImages/2008_005231.jpg,~/projects/pascalvoc-training/dataset/pascalvoc/VOCdevkit/VOC2012/SegmentationClass/2008_005231.png
~/projects/pascalvoc-training/dataset/pascalvoc/VOCdevkit/VOC2012/JPEGImages/2008_005266.jpg,~/projects/pascalvoc-training/dataset/pascalvoc/VOCdevkit/VOC2012/SegmentationClass/2008_005266.png
~/projects/pascalvoc-training/dataset/pascalvoc/VOCdevkit/VOC2012/JPEGImages/2008_005294.jpg,~/projects/pascalvoc-training/dataset/pascalvoc/VOCdevkit/VOC2012/SegmentationClass/2008_005294.png
~/projects/pascalvoc-training/dataset/pascalvoc/VOCdevkit/VOC2012/JPEGImages/2008_005300.jpg,~/projects/pascalvoc-training/dataset/pascalvoc/VOCdevkit/VOC2012/SegmentationClass/2008_005300.png
~/projects/pascalvoc-training/dataset/pascalvoc/VOCdevkit/VOC2012/JPEGImages/2008_005321.jpg,~/projects/pascalvoc-training/dataset/pascalvoc/VOCdevkit/VOC2012/SegmentationClass/2008_005321.png
~/projects/pascalvoc-training/dataset/pascalvoc/VOCdevkit/VOC2012/JPEGImages/2008_005342.jpg,~/projects/pascalvoc-training/dataset/pascalvoc/VOCdevkit/VOC2012/SegmentationClass/2008_005342.png
~/projects/pascalvoc-training/dataset/pascalvoc/VOCdevkit/VOC2012/JPEGImages/2008_005345.jpg,~/projects/pascalvoc-training/dataset/pascalvoc/VOCdevkit/VOC2012/SegmentationClass/2008_005345.png
~/projects/pascalvoc-training/dataset/pascalvoc/VOCdevkit/VOC2012/JPEGImages/2008_005367.jpg,~/projects/pascalvoc-training/dataset/pascalvoc/VOCdevkit/VOC2012/SegmentationClass/2008_005367.png
~/projects/pascalvoc-training/dataset/pascalvoc/VOCdevkit/VOC2012/JPEGImages/2008_005375.jpg,~/projects/pascalvoc-training/dataset/pascalvoc/VOCdevkit/VOC2012/SegmentationClass/2008_005375.png
~/projects/pascalvoc-training/dataset/pascalvoc/VOCdevkit/VOC2012/JPEGImages/2008_005512.jpg,~/projects/pascalvoc-training/dataset/pascalvoc/VOCdevkit/VOC2012/SegmentationClass/2008_005512.png
~/projects/pascalvoc-training/dataset/pascalvoc/VOCdevkit/VOC2012/JPEGImages/2008_005541.jpg,~/projects/pascalvoc-training/dataset/pascalvoc/VOCdevkit/VOC2012/SegmentationClass/2008_005541.png
~/projects/pascalvoc-training/dataset/pascalvoc/VOCdevkit/VOC2012/JPEGImages/2008_005600.jpg,~/projects/pascalvoc-training/dataset/pascalvoc/VOCdevkit/VOC2012/SegmentationClass/2008_005600.png
~/projects/pascalvoc-training/dataset/pascalvoc/VOCdevkit/VOC2012/JPEGImages/2008_005650.jpg,~/projects/pascalvoc-training/dataset/pascalvoc/VOCdevkit/VOC2012/SegmentationClass/2008_005650.png
~/projects/pascalvoc-training/dataset/pascalvoc/VOCdevkit/VOC2012/JPEGImages/2008_005668.jpg,~/projects/pascalvoc-training/dataset/pascalvoc/VOCdevkit/VOC2012/SegmentationClass/2008_005668.png
~/projects/pascalvoc-training/dataset/pascalvoc/VOCdevkit/VOC2012/JPEGImages/2008_005678.jpg,~/projects/pascalvoc-training/dataset/pascalvoc/VOCdevkit/VOC2012/SegmentationClass/2008_005678.png
~/projects/pascalvoc-training/dataset/pascalvoc/VOCdevkit/VOC2012/JPEGImages/2008_005679.jpg,~/projects/pascalvoc-training/dataset/pascalvoc/VOCdevkit/VOC2012/SegmentationClass/2008_005679.png
~/projects/pascalvoc-training/dataset/pascalvoc/VOCdevkit/VOC2012/JPEGImages/2008_005698.jpg,~/projects/pascalvoc-training/dataset/pascalvoc/VOCdevkit/VOC2012/SegmentationClass/2008_005698.png
~/projects/pascalvoc-training/dataset/pascalvoc/VOCdevkit/VOC2012/JPEGImages/2008_005706.jpg,~/projects/pascalvoc-training/dataset/pascalvoc/VOCdevkit/VOC2012/SegmentationClass/2008_005706.png
~/projects/pascalvoc-training/dataset/pascalvoc/VOCdevkit/VOC2012/JPEGImages/2008_005713.jpg,~/projects/pascalvoc-training/dataset/pascalvoc/VOCdevkit/VOC2012/SegmentationClass/2008_005713.png
~/projects/pascalvoc-training/dataset/pascalvoc/VOCdevkit/VOC2012/JPEGImages/2008_005714.jpg,~/projects/pascalvoc-training/dataset/pascalvoc/VOCdevkit/VOC2012/SegmentationClass/2008_005714.png
~/projects/pascalvoc-training/dataset/pascalvoc/VOCdevkit/VOC2012/JPEGImages/2008_005716.jpg,~/projects/pascalvoc-training/dataset/pascalvoc/VOCdevkit/VOC2012/SegmentationClass/2008_005716.png
~/projects/pascalvoc-training/dataset/pascalvoc/VOCdevkit/VOC2012/JPEGImages/2008_005747.jpg,~/projects/pascalvoc-training/dataset/pascalvoc/VOCdevkit/VOC2012/SegmentationClass/2008_005747.png
~/projects/pascalvoc-training/dataset/pascalvoc/VOCdevkit/VOC2012/JPEGImages/2008_005770.jpg,~/projects/pascalvoc-training/dataset/pascalvoc/VOCdevkit/VOC2012/SegmentationClass/2008_005770.png
~/projects/pascalvoc-training/dataset/pascalvoc/VOCdevkit/VOC2012/JPEGImages/2008_005839.jpg,~/projects/pascalvoc-training/dataset/pascalvoc/VOCdevkit/VOC2012/SegmentationClass/2008_005839.png
~/projects/pascalvoc-training/dataset/pascalvoc/VOCdevkit/VOC2012/JPEGImages/2008_005843.jpg,~/projects/pascalvoc-training/dataset/pascalvoc/VOCdevkit/VOC2012/SegmentationClass/2008_005843.png
~/projects/pascalvoc-training/dataset/pascalvoc/VOCdevkit/VOC2012/JPEGImages/2008_005845.jpg,~/projects/pascalvoc-training/dataset/pascalvoc/VOCdevkit/VOC2012/SegmentationClass/2008_005845.png
~/projects/pascalvoc-training/dataset/pascalvoc/VOCdevkit/VOC2012/JPEGImages/2008_005874.jpg,~/projects/pascalvoc-training/dataset/pascalvoc/VOCdevkit/VOC2012/SegmentationClass/2008_005874.png
~/projects/pascalvoc-training/dataset/pascalvoc/VOCdevkit/VOC2012/JPEGImages/2008_005926.jpg,~/projects/pascalvoc-training/dataset/pascalvoc/VOCdevkit/VOC2012/SegmentationClass/2008_005926.png
~/projects/pascalvoc-training/dataset/pascalvoc/VOCdevkit/VOC2012/JPEGImages/2008_005938.jpg,~/projects/pascalvoc-training/dataset/pascalvoc/VOCdevkit/VOC2012/SegmentationClass/2008_005938.png
~/projects/pascalvoc-training/dataset/pascalvoc/VOCdevkit/VOC2012/JPEGImages/2008_005945.jpg,~/projects/pascalvoc-training/dataset/pascalvoc/VOCdevkit/VOC2012/SegmentationClass/2008_005945.png
~/projects/pascalvoc-training/dataset/pascalvoc/VOCdevkit/VOC2012/JPEGImages/2008_005953.jpg,~/projects/pascalvoc-training/dataset/pascalvoc/VOCdevkit/VOC2012/SegmentationClass/2008_005953.png
~/projects/pascalvoc-training/dataset/pascalvoc/VOCdevkit/VOC2012/JPEGImages/2008_006032.jpg,~/projects/pascalvoc-training/dataset/pascalvoc/VOCdevkit/VOC2012/SegmentationClass/2008_006032.png
~/projects/pascalvoc-training/dataset/pascalvoc/VOCdevkit/VOC2012/JPEGImages/2008_006065.jpg,~/projects/pascalvoc-training/dataset/pascalvoc/VOCdevkit/VOC2012/SegmentationClass/2008_006065.png
~/projects/pascalvoc-training/dataset/pascalvoc/VOCdevkit/VOC2012/JPEGImages/2008_006070.jpg,~/projects/pascalvoc-training/dataset/pascalvoc/VOCdevkit/VOC2012/SegmentationClass/2008_006070.png
~/projects/pascalvoc-training/dataset/pascalvoc/VOCdevkit/VOC2012/JPEGImages/2008_006140.jpg,~/projects/pascalvoc-training/dataset/pascalvoc/VOCdevkit/VOC2012/SegmentationClass/2008_006140.png
~/projects/pascalvoc-training/dataset/pascalvoc/VOCdevkit/VOC2012/JPEGImages/2008_006182.jpg,~/projects/pascalvoc-training/dataset/pascalvoc/VOCdevkit/VOC2012/SegmentationClass/2008_006182.png
~/projects/pascalvoc-training/dataset/pascalvoc/VOCdevkit/VOC2012/JPEGImages/2008_006213.jpg,~/projects/pascalvoc-training/dataset/pascalvoc/VOCdevkit/VOC2012/SegmentationClass/2008_006213.png
~/projects/pascalvoc-training/dataset/pascalvoc/VOCdevkit/VOC2012/JPEGImages/2008_006215.jpg,~/projects/pascalvoc-training/dataset/pascalvoc/VOCdevkit/VOC2012/SegmentationClass/2008_006215.png
~/projects/pascalvoc-training/dataset/pascalvoc/VOCdevkit/VOC2012/JPEGImages/2008_006221.jpg,~/projects/pascalvoc-training/dataset/pascalvoc/VOCdevkit/VOC2012/SegmentationClass/2008_006221.png
~/projects/pascalvoc-training/dataset/pascalvoc/VOCdevkit/VOC2012/JPEGImages/2008_006289.jpg,~/projects/pascalvoc-training/dataset/pascalvoc/VOCdevkit/VOC2012/SegmentationClass/2008_006289.png
~/projects/pascalvoc-training/dataset/pascalvoc/VOCdevkit/VOC2012/JPEGImages/2008_006339.jpg,~/projects/pascalvoc-training/dataset/pascalvoc/VOCdevkit/VOC2012/SegmentationClass/2008_006339.png
~/projects/pascalvoc-training/dataset/pascalvoc/VOCdevkit/VOC2012/JPEGImages/2008_006345.jpg,~/projects/pascalvoc-training/dataset/pascalvoc/VOCdevkit/VOC2012/SegmentationClass/2008_006345.png
~/projects/pascalvoc-training/dataset/pascalvoc/VOCdevkit/VOC2012/JPEGImages/2008_006349.jpg,~/projects/pascalvoc-training/dataset/pascalvoc/VOCdevkit/VOC2012/SegmentationClass/2008_006349.png
~/projects/pascalvoc-training/dataset/pascalvoc/VOCdevkit/VOC2012/JPEGImages/2008_006353.jpg,~/projects/pascalvoc-training/dataset/pascalvoc/VOCdevkit/VOC2012/SegmentationClass/2008_006353.png
~/projects/pascalvoc-training/dataset/pascalvoc/VOCdevkit/VOC2012/JPEGImages/2008_006389.jpg,~/projects/pascalvoc-training/dataset/pascalvoc/VOCdevkit/VOC2012/SegmentationClass/2008_006389.png
~/projects/pascalvoc-training/dataset/pascalvoc/VOCdevkit/VOC2012/JPEGImages/2008_006434.jpg,~/projects/pascalvoc-training/dataset/pascalvoc/VOCdevkit/VOC2012/SegmentationClass/2008_006434.png
~/projects/pascalvoc-training/dataset/pascalvoc/VOCdevkit/VOC2012/JPEGImages/2008_006481.jpg,~/projects/pascalvoc-training/dataset/pascalvoc/VOCdevkit/VOC2012/SegmentationClass/2008_006481.png
~/projects/pascalvoc-training/dataset/pascalvoc/VOCdevkit/VOC2012/JPEGImages/2008_006482.jpg,~/projects/pascalvoc-training/dataset/pascalvoc/VOCdevkit/VOC2012/SegmentationClass/2008_006482.png
~/projects/pascalvoc-training/dataset/pascalvoc/VOCdevkit/VOC2012/JPEGImages/2008_006490.jpg,~/projects/pascalvoc-training/dataset/pascalvoc/VOCdevkit/VOC2012/SegmentationClass/2008_006490.png
~/projects/pascalvoc-training/dataset/pascalvoc/VOCdevkit/VOC2012/JPEGImages/2008_006509.jpg,~/projects/pascalvoc-training/dataset/pascalvoc/VOCdevkit/VOC2012/SegmentationClass/2008_006509.png
~/projects/pascalvoc-training/dataset/pascalvoc/VOCdevkit/VOC2012/JPEGImages/2008_006558.jpg,~/projects/pascalvoc-training/dataset/pascalvoc/VOCdevkit/VOC2012/SegmentationClass/2008_006558.png
~/projects/pascalvoc-training/dataset/pascalvoc/VOCdevkit/VOC2012/JPEGImages/2008_006655.jpg,~/projects/pascalvoc-training/dataset/pascalvoc/VOCdevkit/VOC2012/SegmentationClass/2008_006655.png
~/projects/pascalvoc-training/dataset/pascalvoc/VOCdevkit/VOC2012/JPEGImages/2008_006748.jpg,~/projects/pascalvoc-training/dataset/pascalvoc/VOCdevkit/VOC2012/SegmentationClass/2008_006748.png
~/projects/pascalvoc-training/dataset/pascalvoc/VOCdevkit/VOC2012/JPEGImages/2008_006751.jpg,~/projects/pascalvoc-training/dataset/pascalvoc/VOCdevkit/VOC2012/SegmentationClass/2008_006751.png
~/projects/pascalvoc-training/dataset/pascalvoc/VOCdevkit/VOC2012/JPEGImages/2008_006843.jpg,~/projects/pascalvoc-training/dataset/pascalvoc/VOCdevkit/VOC2012/SegmentationClass/2008_006843.png
~/projects/pascalvoc-training/dataset/pascalvoc/VOCdevkit/VOC2012/JPEGImages/2008_006873.jpg,~/projects/pascalvoc-training/dataset/pascalvoc/VOCdevkit/VOC2012/SegmentationClass/2008_006873.png
~/projects/pascalvoc-training/dataset/pascalvoc/VOCdevkit/VOC2012/JPEGImages/2008_006877.jpg,~/projects/pascalvoc-training/dataset/pascalvoc/VOCdevkit/VOC2012/SegmentationClass/2008_006877.png
~/projects/pascalvoc-training/dataset/pascalvoc/VOCdevkit/VOC2012/JPEGImages/2008_006908.jpg,~/projects/pascalvoc-training/dataset/pascalvoc/VOCdevkit/VOC2012/SegmentationClass/2008_006908.png
~/projects/pascalvoc-training/dataset/pascalvoc/VOCdevkit/VOC2012/JPEGImages/2008_006920.jpg,~/projects/pascalvoc-training/dataset/pascalvoc/VOCdevkit/VOC2012/SegmentationClass/2008_006920.png
~/projects/pascalvoc-training/dataset/pascalvoc/VOCdevkit/VOC2012/JPEGImages/2008_007011.jpg,~/projects/pascalvoc-training/dataset/pascalvoc/VOCdevkit/VOC2012/SegmentationClass/2008_007011.png
~/projects/pascalvoc-training/dataset/pascalvoc/VOCdevkit/VOC2012/JPEGImages/2008_007012.jpg,~/projects/pascalvoc-training/dataset/pascalvoc/VOCdevkit/VOC2012/SegmentationClass/2008_007012.png
~/projects/pascalvoc-training/dataset/pascalvoc/VOCdevkit/VOC2012/JPEGImages/2008_007090.jpg,~/projects/pascalvoc-training/dataset/pascalvoc/VOCdevkit/VOC2012/SegmentationClass/2008_007090.png
~/projects/pascalvoc-training/dataset/pascalvoc/VOCdevkit/VOC2012/JPEGImages/2008_007142.jpg,~/projects/pascalvoc-training/dataset/pascalvoc/VOCdevkit/VOC2012/SegmentationClass/2008_007142.png
~/projects/pascalvoc-training/dataset/pascalvoc/VOCdevkit/VOC2012/JPEGImages/2008_007165.jpg,~/projects/pascalvoc-training/dataset/pascalvoc/VOCdevkit/VOC2012/SegmentationClass/2008_007165.png
~/projects/pascalvoc-training/dataset/pascalvoc/VOCdevkit/VOC2012/JPEGImages/2008_007201.jpg,~/projects/pascalvoc-training/dataset/pascalvoc/VOCdevkit/VOC2012/SegmentationClass/2008_007201.png
~/projects/pascalvoc-training/dataset/pascalvoc/VOCdevkit/VOC2012/JPEGImages/2008_007239.jpg,~/projects/pascalvoc-training/dataset/pascalvoc/VOCdevkit/VOC2012/SegmentationClass/2008_007239.png
~/projects/pascalvoc-training/dataset/pascalvoc/VOCdevkit/VOC2012/JPEGImages/2008_007242.jpg,~/projects/pascalvoc-training/dataset/pascalvoc/VOCdevkit/VOC2012/SegmentationClass/2008_007242.png
~/projects/pascalvoc-training/dataset/pascalvoc/VOCdevkit/VOC2012/JPEGImages/2008_007245.jpg,~/projects/pascalvoc-training/dataset/pascalvoc/VOCdevkit/VOC2012/SegmentationClass/2008_007245.png
~/projects/pascalvoc-training/dataset/pascalvoc/VOCdevkit/VOC2012/JPEGImages/2008_007313.jpg,~/projects/pascalvoc-training/dataset/pascalvoc/VOCdevkit/VOC2012/SegmentationClass/2008_007313.png
~/projects/pascalvoc-training/dataset/pascalvoc/VOCdevkit/VOC2012/JPEGImages/2008_007355.jpg,~/projects/pascalvoc-training/dataset/pascalvoc/VOCdevkit/VOC2012/SegmentationClass/2008_007355.png
~/projects/pascalvoc-training/dataset/pascalvoc/VOCdevkit/VOC2012/JPEGImages/2008_007357.jpg,~/projects/pascalvoc-training/dataset/pascalvoc/VOCdevkit/VOC2012/SegmentationClass/2008_007357.png
~/projects/pascalvoc-training/dataset/pascalvoc/VOCdevkit/VOC2012/JPEGImages/2008_007375.jpg,~/projects/pascalvoc-training/dataset/pascalvoc/VOCdevkit/VOC2012/SegmentationClass/2008_007375.png
~/projects/pascalvoc-training/dataset/pascalvoc/VOCdevkit/VOC2012/JPEGImages/2008_007428.jpg,~/projects/pascalvoc-training/dataset/pascalvoc/VOCdevkit/VOC2012/SegmentationClass/2008_007428.png
~/projects/pascalvoc-training/dataset/pascalvoc/VOCdevkit/VOC2012/JPEGImages/2008_007433.jpg,~/projects/pascalvoc-training/dataset/pascalvoc/VOCdevkit/VOC2012/SegmentationClass/2008_007433.png
~/projects/pascalvoc-training/dataset/pascalvoc/VOCdevkit/VOC2012/JPEGImages/2008_007472.jpg,~/projects/pascalvoc-training/dataset/pascalvoc/VOCdevkit/VOC2012/SegmentationClass/2008_007472.png
~/projects/pascalvoc-training/dataset/pascalvoc/VOCdevkit/VOC2012/JPEGImages/2008_007581.jpg,~/projects/pascalvoc-training/dataset/pascalvoc/VOCdevkit/VOC2012/SegmentationClass/2008_007581.png
~/projects/pascalvoc-training/dataset/pascalvoc/VOCdevkit/VOC2012/JPEGImages/2008_007691.jpg,~/projects/pascalvoc-training/dataset/pascalvoc/VOCdevkit/VOC2012/SegmentationClass/2008_007691.png
~/projects/pascalvoc-training/dataset/pascalvoc/VOCdevkit/VOC2012/JPEGImages/2008_007759.jpg,~/projects/pascalvoc-training/dataset/pascalvoc/VOCdevkit/VOC2012/SegmentationClass/2008_007759.png
~/projects/pascalvoc-training/dataset/pascalvoc/VOCdevkit/VOC2012/JPEGImages/2008_007858.jpg,~/projects/pascalvoc-training/dataset/pascalvoc/VOCdevkit/VOC2012/SegmentationClass/2008_007858.png
~/projects/pascalvoc-training/dataset/pascalvoc/VOCdevkit/VOC2012/JPEGImages/2008_007998.jpg,~/projects/pascalvoc-training/dataset/pascalvoc/VOCdevkit/VOC2012/SegmentationClass/2008_007998.png
~/projects/pascalvoc-training/dataset/pascalvoc/VOCdevkit/VOC2012/JPEGImages/2008_008106.jpg,~/projects/pascalvoc-training/dataset/pascalvoc/VOCdevkit/VOC2012/SegmentationClass/2008_008106.png
~/projects/pascalvoc-training/dataset/pascalvoc/VOCdevkit/VOC2012/JPEGImages/2008_008193.jpg,~/projects/pascalvoc-training/dataset/pascalvoc/VOCdevkit/VOC2012/SegmentationClass/2008_008193.png
~/projects/pascalvoc-training/dataset/pascalvoc/VOCdevkit/VOC2012/JPEGImages/2008_008263.jpg,~/projects/pascalvoc-training/dataset/pascalvoc/VOCdevkit/VOC2012/SegmentationClass/2008_008263.png
~/projects/pascalvoc-training/dataset/pascalvoc/VOCdevkit/VOC2012/JPEGImages/2008_008323.jpg,~/projects/pascalvoc-training/dataset/pascalvoc/VOCdevkit/VOC2012/SegmentationClass/2008_008323.png
~/projects/pascalvoc-training/dataset/pascalvoc/VOCdevkit/VOC2012/JPEGImages/2008_008324.jpg,~/projects/pascalvoc-training/dataset/pascalvoc/VOCdevkit/VOC2012/SegmentationClass/2008_008324.png
~/projects/pascalvoc-training/dataset/pascalvoc/VOCdevkit/VOC2012/JPEGImages/2008_008343.jpg,~/projects/pascalvoc-training/dataset/pascalvoc/VOCdevkit/VOC2012/SegmentationClass/2008_008343.png
~/projects/pascalvoc-training/dataset/pascalvoc/VOCdevkit/VOC2012/JPEGImages/2008_008462.jpg,~/projects/pascalvoc-training/dataset/pascalvoc/VOCdevkit/VOC2012/SegmentationClass/2008_008462.png
~/projects/pascalvoc-training/dataset/pascalvoc/VOCdevkit/VOC2012/JPEGImages/2008_008476.jpg,~/projects/pascalvoc-training/dataset/pascalvoc/VOCdevkit/VOC2012/SegmentationClass/2008_008476.png
~/projects/pascalvoc-training/dataset/pascalvoc/VOCdevkit/VOC2012/JPEGImages/2008_008511.jpg,~/projects/pascalvoc-training/dataset/pascalvoc/VOCdevkit/VOC2012/SegmentationClass/2008_008511.png
~/projects/pascalvoc-training/dataset/pascalvoc/VOCdevkit/VOC2012/JPEGImages/2008_008521.jpg,~/projects/pascalvoc-training/dataset/pascalvoc/VOCdevkit/VOC2012/SegmentationClass/2008_008521.png
~/projects/pascalvoc-training/dataset/pascalvoc/VOCdevkit/VOC2012/JPEGImages/2008_008525.jpg,~/projects/pascalvoc-training/dataset/pascalvoc/VOCdevkit/VOC2012/SegmentationClass/2008_008525.png
~/projects/pascalvoc-training/dataset/pascalvoc/VOCdevkit/VOC2012/JPEGImages/2008_008541.jpg,~/projects/pascalvoc-training/dataset/pascalvoc/VOCdevkit/VOC2012/SegmentationClass/2008_008541.png
~/projects/pascalvoc-training/dataset/pascalvoc/VOCdevkit/VOC2012/JPEGImages/2008_008545.jpg,~/projects/pascalvoc-training/dataset/pascalvoc/VOCdevkit/VOC2012/SegmentationClass/2008_008545.png
~/projects/pascalvoc-training/dataset/pascalvoc/VOCdevkit/VOC2012/JPEGImages/2008_008550.jpg,~/projects/pascalvoc-training/dataset/pascalvoc/VOCdevkit/VOC2012/SegmentationClass/2008_008550.png
~/projects/pascalvoc-training/dataset/pascalvoc/VOCdevkit/VOC2012/JPEGImages/2008_008770.jpg,~/projects/pascalvoc-training/dataset/pascalvoc/VOCdevkit/VOC2012/SegmentationClass/2008_008770.png
~/projects/pascalvoc-training/dataset/pascalvoc/VOCdevkit/VOC2012/JPEGImages/2008_008773.jpg,~/projects/pascalvoc-training/dataset/pascalvoc/VOCdevkit/VOC2012/SegmentationClass/2008_008773.png
~/projects/pascalvoc-training/dataset/pascalvoc/VOCdevkit/VOC2012/JPEGImages/2009_000006.jpg,~/projects/pascalvoc-training/dataset/pascalvoc/VOCdevkit/VOC2012/SegmentationClass/2009_000006.png
~/projects/pascalvoc-training/dataset/pascalvoc/VOCdevkit/VOC2012/JPEGImages/2009_000015.jpg,~/projects/pascalvoc-training/dataset/pascalvoc/VOCdevkit/VOC2012/SegmentationClass/2009_000015.png
~/projects/pascalvoc-training/dataset/pascalvoc/VOCdevkit/VOC2012/JPEGImages/2009_000028.jpg,~/projects/pascalvoc-training/dataset/pascalvoc/VOCdevkit/VOC2012/SegmentationClass/2009_000028.png
~/projects/pascalvoc-training/dataset/pascalvoc/VOCdevkit/VOC2012/JPEGImages/2009_000029.jpg,~/projects/pascalvoc-training/dataset/pascalvoc/VOCdevkit/VOC2012/SegmentationClass/2009_000029.png
~/projects/pascalvoc-training/dataset/pascalvoc/VOCdevkit/VOC2012/JPEGImages/2009_000073.jpg,~/projects/pascalvoc-training/dataset/pascalvoc/VOCdevkit/VOC2012/SegmentationClass/2009_000073.png
~/projects/pascalvoc-training/dataset/pascalvoc/VOCdevkit/VOC2012/JPEGImages/2009_000100.jpg,~/projects/pascalvoc-training/dataset/pascalvoc/VOCdevkit/VOC2012/SegmentationClass/2009_000100.png
~/projects/pascalvoc-training/dataset/pascalvoc/VOCdevkit/VOC2012/JPEGImages/2009_000103.jpg,~/projects/pascalvoc-training/dataset/pascalvoc/VOCdevkit/VOC2012/SegmentationClass/2009_000103.png
~/projects/pascalvoc-training/dataset/pascalvoc/VOCdevkit/VOC2012/JPEGImages/2009_000133.jpg,~/projects/pascalvoc-training/dataset/pascalvoc/VOCdevkit/VOC2012/SegmentationClass/2009_000133.png
~/projects/pascalvoc-training/dataset/pascalvoc/VOCdevkit/VOC2012/JPEGImages/2009_000161.jpg,~/projects/pascalvoc-training/dataset/pascalvoc/VOCdevkit/VOC2012/SegmentationClass/2009_000161.png
~/projects/pascalvoc-training/dataset/pascalvoc/VOCdevkit/VOC2012/JPEGImages/2009_000176.jpg,~/projects/pascalvoc-training/dataset/pascalvoc/VOCdevkit/VOC2012/SegmentationClass/2009_000176.png
~/projects/pascalvoc-training/dataset/pascalvoc/VOCdevkit/VOC2012/JPEGImages/2009_000177.jpg,~/projects/pascalvoc-training/dataset/pascalvoc/VOCdevkit/VOC2012/SegmentationClass/2009_000177.png
~/projects/pascalvoc-training/dataset/pascalvoc/VOCdevkit/VOC2012/JPEGImages/2009_000250.jpg,~/projects/pascalvoc-training/dataset/pascalvoc/VOCdevkit/VOC2012/SegmentationClass/2009_000250.png
~/projects/pascalvoc-training/dataset/pascalvoc/VOCdevkit/VOC2012/JPEGImages/2009_000285.jpg,~/projects/pascalvoc-training/dataset/pascalvoc/VOCdevkit/VOC2012/SegmentationClass/2009_000285.png
~/projects/pascalvoc-training/dataset/pascalvoc/VOCdevkit/VOC2012/JPEGImages/2009_000347.jpg,~/projects/pascalvoc-training/dataset/pascalvoc/VOCdevkit/VOC2012/SegmentationClass/2009_000347.png
~/projects/pascalvoc-training/dataset/pascalvoc/VOCdevkit/VOC2012/JPEGImages/2009_000385.jpg,~/projects/pascalvoc-training/dataset/pascalvoc/VOCdevkit/VOC2012/SegmentationClass/2009_000385.png
~/projects/pascalvoc-training/dataset/pascalvoc/VOCdevkit/VOC2012/JPEGImages/2009_000400.jpg,~/projects/pascalvoc-training/dataset/pascalvoc/VOCdevkit/VOC2012/SegmentationClass/2009_000400.png
~/projects/pascalvoc-training/dataset/pascalvoc/VOCdevkit/VOC2012/JPEGImages/2009_000405.jpg,~/projects/pascalvoc-training/dataset/pascalvoc/VOCdevkit/VOC2012/SegmentationClass/2009_000405.png
~/projects/pascalvoc-training/dataset/pascalvoc/VOCdevkit/VOC2012/JPEGImages/2009_000408.jpg,~/projects/pascalvoc-training/dataset/pascalvoc/VOCdevkit/VOC2012/SegmentationClass/2009_000408.png
~/projects/pascalvoc-training/dataset/pascalvoc/VOCdevkit/VOC2012/JPEGImages/2009_000409.jpg,~/projects/pascalvoc-training/dataset/pascalvoc/VOCdevkit/VOC2012/SegmentationClass/2009_000409.png
~/projects/pascalvoc-training/dataset/pascalvoc/VOCdevkit/VOC2012/JPEGImages/2009_000420.jpg,~/projects/pascalvoc-training/dataset/pascalvoc/VOCdevkit/VOC2012/SegmentationClass/2009_000420.png
~/projects/pascalvoc-training/dataset/pascalvoc/VOCdevkit/VOC2012/JPEGImages/2009_000444.jpg,~/projects/pascalvoc-training/dataset/pascalvoc/VOCdevkit/VOC2012/SegmentationClass/2009_000444.png
~/projects/pascalvoc-training/dataset/pascalvoc/VOCdevkit/VOC2012/JPEGImages/2009_000454.jpg,~/projects/pascalvoc-training/dataset/pascalvoc/VOCdevkit/VOC2012/SegmentationClass/2009_000454.png
~/projects/pascalvoc-training/dataset/pascalvoc/VOCdevkit/VOC2012/JPEGImages/2009_000503.jpg,~/projects/pascalvoc-training/dataset/pascalvoc/VOCdevkit/VOC2012/SegmentationClass/2009_000503.png
~/projects/pascalvoc-training/dataset/pascalvoc/VOCdevkit/VOC2012/JPEGImages/2009_000505.jpg,~/projects/pascalvoc-training/dataset/pascalvoc/VOCdevkit/VOC2012/SegmentationClass/2009_000505.png
~/projects/pascalvoc-training/dataset/pascalvoc/VOCdevkit/VOC2012/JPEGImages/2009_000532.jpg,~/projects/pascalvoc-training/dataset/pascalvoc/VOCdevkit/VOC2012/SegmentationClass/2009_000532.png
~/projects/pascalvoc-training/dataset/pascalvoc/VOCdevkit/VOC2012/JPEGImages/2009_000535.jpg,~/projects/pascalvoc-training/dataset/pascalvoc/VOCdevkit/VOC2012/SegmentationClass/2009_000535.png
~/projects/pascalvoc-training/dataset/pascalvoc/VOCdevkit/VOC2012/JPEGImages/2009_000544.jpg,~/projects/pascalvoc-training/dataset/pascalvoc/VOCdevkit/VOC2012/SegmentationClass/2009_000544.png
~/projects/pascalvoc-training/dataset/pascalvoc/VOCdevkit/VOC2012/JPEGImages/2009_000553.jpg,~/projects/pascalvoc-training/dataset/pascalvoc/VOCdevkit/VOC2012/SegmentationClass/2009_000553.png
~/projects/pascalvoc-training/dataset/pascalvoc/VOCdevkit/VOC2012/JPEGImages/2009_000562.jpg,~/projects/pascalvoc-training/dataset/pascalvoc/VOCdevkit/VOC2012/SegmentationClass/2009_000562.png
~/projects/pascalvoc-training/dataset/pascalvoc/VOCdevkit/VOC2012/JPEGImages/2009_000603.jpg,~/projects/pascalvoc-training/dataset/pascalvoc/VOCdevkit/VOC2012/SegmentationClass/2009_000603.png
~/projects/pascalvoc-training/dataset/pascalvoc/VOCdevkit/VOC2012/JPEGImages/2009_000626.jpg,~/projects/pascalvoc-training/dataset/pascalvoc/VOCdevkit/VOC2012/SegmentationClass/2009_000626.png
~/projects/pascalvoc-training/dataset/pascalvoc/VOCdevkit/VOC2012/JPEGImages/2009_000635.jpg,~/projects/pascalvoc-training/dataset/pascalvoc/VOCdevkit/VOC2012/SegmentationClass/2009_000635.png
~/projects/pascalvoc-training/dataset/pascalvoc/VOCdevkit/VOC2012/JPEGImages/2009_000655.jpg,~/projects/pascalvoc-training/dataset/pascalvoc/VOCdevkit/VOC2012/SegmentationClass/2009_000655.png
~/projects/pascalvoc-training/dataset/pascalvoc/VOCdevkit/VOC2012/JPEGImages/2009_000662.jpg,~/projects/pascalvoc-training/dataset/pascalvoc/VOCdevkit/VOC2012/SegmentationClass/2009_000662.png
~/projects/pascalvoc-training/dataset/pascalvoc/VOCdevkit/VOC2012/JPEGImages/2009_000684.jpg,~/projects/pascalvoc-training/dataset/pascalvoc/VOCdevkit/VOC2012/SegmentationClass/2009_000684.png
~/projects/pascalvoc-training/dataset/pascalvoc/VOCdevkit/VOC2012/JPEGImages/2009_000690.jpg,~/projects/pascalvoc-training/dataset/pascalvoc/VOCdevkit/VOC2012/SegmentationClass/2009_000690.png
~/projects/pascalvoc-training/dataset/pascalvoc/VOCdevkit/VOC2012/JPEGImages/2009_000709.jpg,~/projects/pascalvoc-training/dataset/pascalvoc/VOCdevkit/VOC2012/SegmentationClass/2009_000709.png
~/projects/pascalvoc-training/dataset/pascalvoc/VOCdevkit/VOC2012/JPEGImages/2009_000720.jpg,~/projects/pascalvoc-training/dataset/pascalvoc/VOCdevkit/VOC2012/SegmentationClass/2009_000720.png
~/projects/pascalvoc-training/dataset/pascalvoc/VOCdevkit/VOC2012/JPEGImages/2009_000744.jpg,~/projects/pascalvoc-training/dataset/pascalvoc/VOCdevkit/VOC2012/SegmentationClass/2009_000744.png
~/projects/pascalvoc-training/dataset/pascalvoc/VOCdevkit/VOC2012/JPEGImages/2009_000746.jpg,~/projects/pascalvoc-training/dataset/pascalvoc/VOCdevkit/VOC2012/SegmentationClass/2009_000746.png
~/projects/pascalvoc-training/dataset/pascalvoc/VOCdevkit/VOC2012/JPEGImages/2009_000774.jpg,~/projects/pascalvoc-training/dataset/pascalvoc/VOCdevkit/VOC2012/SegmentationClass/2009_000774.png
~/projects/pascalvoc-training/dataset/pascalvoc/VOCdevkit/VOC2012/JPEGImages/2009_000801.jpg,~/projects/pascalvoc-training/dataset/pascalvoc/VOCdevkit/VOC2012/SegmentationClass/2009_000801.png
~/projects/pascalvoc-training/dataset/pascalvoc/VOCdevkit/VOC2012/JPEGImages/2009_000887.jpg,~/projects/pascalvoc-training/dataset/pascalvoc/VOCdevkit/VOC2012/SegmentationClass/2009_000887.png
~/projects/pascalvoc-training/dataset/pascalvoc/VOCdevkit/VOC2012/JPEGImages/2009_000894.jpg,~/projects/pascalvoc-training/dataset/pascalvoc/VOCdevkit/VOC2012/SegmentationClass/2009_000894.png
~/projects/pascalvoc-training/dataset/pascalvoc/VOCdevkit/VOC2012/JPEGImages/2009_000895.jpg,~/projects/pascalvoc-training/dataset/pascalvoc/VOCdevkit/VOC2012/SegmentationClass/2009_000895.png
~/projects/pascalvoc-training/dataset/pascalvoc/VOCdevkit/VOC2012/JPEGImages/2009_000906.jpg,~/projects/pascalvoc-training/dataset/pascalvoc/VOCdevkit/VOC2012/SegmentationClass/2009_000906.png
~/projects/pascalvoc-training/dataset/pascalvoc/VOCdevkit/VOC2012/JPEGImages/2009_000938.jpg,~/projects/pascalvoc-training/dataset/pascalvoc/VOCdevkit/VOC2012/SegmentationClass/2009_000938.png
~/projects/pascalvoc-training/dataset/pascalvoc/VOCdevkit/VOC2012/JPEGImages/2009_000987.jpg,~/projects/pascalvoc-training/dataset/pascalvoc/VOCdevkit/VOC2012/SegmentationClass/2009_000987.png
~/projects/pascalvoc-training/dataset/pascalvoc/VOCdevkit/VOC2012/JPEGImages/2009_000996.jpg,~/projects/pascalvoc-training/dataset/pascalvoc/VOCdevkit/VOC2012/SegmentationClass/2009_000996.png
~/projects/pascalvoc-training/dataset/pascalvoc/VOCdevkit/VOC2012/JPEGImages/2009_001002.jpg,~/projects/pascalvoc-training/dataset/pascalvoc/VOCdevkit/VOC2012/SegmentationClass/2009_001002.png
~/projects/pascalvoc-training/dataset/pascalvoc/VOCdevkit/VOC2012/JPEGImages/2009_001019.jpg,~/projects/pascalvoc-training/dataset/pascalvoc/VOCdevkit/VOC2012/SegmentationClass/2009_001019.png
~/projects/pascalvoc-training/dataset/pascalvoc/VOCdevkit/VOC2012/JPEGImages/2009_001027.jpg,~/projects/pascalvoc-training/dataset/pascalvoc/VOCdevkit/VOC2012/SegmentationClass/2009_001027.png
~/projects/pascalvoc-training/dataset/pascalvoc/VOCdevkit/VOC2012/JPEGImages/2009_001036.jpg,~/projects/pascalvoc-training/dataset/pascalvoc/VOCdevkit/VOC2012/SegmentationClass/2009_001036.png
~/projects/pascalvoc-training/dataset/pascalvoc/VOCdevkit/VOC2012/JPEGImages/2009_001070.jpg,~/projects/pascalvoc-training/dataset/pascalvoc/VOCdevkit/VOC2012/SegmentationClass/2009_001070.png
~/projects/pascalvoc-training/dataset/pascalvoc/VOCdevkit/VOC2012/JPEGImages/2009_001085.jpg,~/projects/pascalvoc-training/dataset/pascalvoc/VOCdevkit/VOC2012/SegmentationClass/2009_001085.png
~/projects/pascalvoc-training/dataset/pascalvoc/VOCdevkit/VOC2012/JPEGImages/2009_001095.jpg,~/projects/pascalvoc-training/dataset/pascalvoc/VOCdevkit/VOC2012/SegmentationClass/2009_001095.png
~/projects/pascalvoc-training/dataset/pascalvoc/VOCdevkit/VOC2012/JPEGImages/2009_001096.jpg,~/projects/pascalvoc-training/dataset/pascalvoc/VOCdevkit/VOC2012/SegmentationClass/2009_001096.png
~/projects/pascalvoc-training/dataset/pascalvoc/VOCdevkit/VOC2012/JPEGImages/2009_001100.jpg,~/projects/pascalvoc-training/dataset/pascalvoc/VOCdevkit/VOC2012/SegmentationClass/2009_001100.png
~/projects/pascalvoc-training/dataset/pascalvoc/VOCdevkit/VOC2012/JPEGImages/2009_001104.jpg,~/projects/pascalvoc-training/dataset/pascalvoc/VOCdevkit/VOC2012/SegmentationClass/2009_001104.png
~/projects/pascalvoc-training/dataset/pascalvoc/VOCdevkit/VOC2012/JPEGImages/2009_001117.jpg,~/projects/pascalvoc-training/dataset/pascalvoc/VOCdevkit/VOC2012/SegmentationClass/2009_001117.png
~/projects/pascalvoc-training/dataset/pascalvoc/VOCdevkit/VOC2012/JPEGImages/2009_001124.jpg,~/projects/pascalvoc-training/dataset/pascalvoc/VOCdevkit/VOC2012/SegmentationClass/2009_001124.png
~/projects/pascalvoc-training/dataset/pascalvoc/VOCdevkit/VOC2012/JPEGImages/2009_001137.jpg,~/projects/pascalvoc-training/dataset/pascalvoc/VOCdevkit/VOC2012/SegmentationClass/2009_001137.png
~/projects/pascalvoc-training/dataset/pascalvoc/VOCdevkit/VOC2012/JPEGImages/2009_001140.jpg,~/projects/pascalvoc-training/dataset/pascalvoc/VOCdevkit/VOC2012/SegmentationClass/2009_001140.png
~/projects/pascalvoc-training/dataset/pascalvoc/VOCdevkit/VOC2012/JPEGImages/2009_001145.jpg,~/projects/pascalvoc-training/dataset/pascalvoc/VOCdevkit/VOC2012/SegmentationClass/2009_001145.png
~/projects/pascalvoc-training/dataset/pascalvoc/VOCdevkit/VOC2012/JPEGImages/2009_001146.jpg,~/projects/pascalvoc-training/dataset/pascalvoc/VOCdevkit/VOC2012/SegmentationClass/2009_001146.png
~/projects/pascalvoc-training/dataset/pascalvoc/VOCdevkit/VOC2012/JPEGImages/2009_001163.jpg,~/projects/pascalvoc-training/dataset/pascalvoc/VOCdevkit/VOC2012/SegmentationClass/2009_001163.png
~/projects/pascalvoc-training/dataset/pascalvoc/VOCdevkit/VOC2012/JPEGImages/2009_001177.jpg,~/projects/pascalvoc-training/dataset/pascalvoc/VOCdevkit/VOC2012/SegmentationClass/2009_001177.png
~/projects/pascalvoc-training/dataset/pascalvoc/VOCdevkit/VOC2012/JPEGImages/2009_001197.jpg,~/projects/pascalvoc-training/dataset/pascalvoc/VOCdevkit/VOC2012/SegmentationClass/2009_001197.png
~/projects/pascalvoc-training/dataset/pascalvoc/VOCdevkit/VOC2012/JPEGImages/2009_001203.jpg,~/projects/pascalvoc-training/dataset/pascalvoc/VOCdevkit/VOC2012/SegmentationClass/2009_001203.png
~/projects/pascalvoc-training/dataset/pascalvoc/VOCdevkit/VOC2012/JPEGImages/2009_001205.jpg,~/projects/pascalvoc-training/dataset/pascalvoc/VOCdevkit/VOC2012/SegmentationClass/2009_001205.png
~/projects/pascalvoc-training/dataset/pascalvoc/VOCdevkit/VOC2012/JPEGImages/2009_001251.jpg,~/projects/pascalvoc-training/dataset/pascalvoc/VOCdevkit/VOC2012/SegmentationClass/2009_001251.png
~/projects/pascalvoc-training/dataset/pascalvoc/VOCdevkit/VOC2012/JPEGImages/2009_001253.jpg,~/projects/pascalvoc-training/dataset/pascalvoc/VOCdevkit/VOC2012/SegmentationClass/2009_001253.png
~/projects/pascalvoc-training/dataset/pascalvoc/VOCdevkit/VOC2012/JPEGImages/2009_001264.jpg,~/projects/pascalvoc-training/dataset/pascalvoc/VOCdevkit/VOC2012/SegmentationClass/2009_001264.png
~/projects/pascalvoc-training/dataset/pascalvoc/VOCdevkit/VOC2012/JPEGImages/2009_001268.jpg,~/projects/pascalvoc-training/dataset/pascalvoc/VOCdevkit/VOC2012/SegmentationClass/2009_001268.png
~/projects/pascalvoc-training/dataset/pascalvoc/VOCdevkit/VOC2012/JPEGImages/2009_001270.jpg,~/projects/pascalvoc-training/dataset/pascalvoc/VOCdevkit/VOC2012/SegmentationClass/2009_001270.png
~/projects/pascalvoc-training/dataset/pascalvoc/VOCdevkit/VOC2012/JPEGImages/2009_001283.jpg,~/projects/pascalvoc-training/dataset/pascalvoc/VOCdevkit/VOC2012/SegmentationClass/2009_001283.png
~/projects/pascalvoc-training/dataset/pascalvoc/VOCdevkit/VOC2012/JPEGImages/2009_001306.jpg,~/projects/pascalvoc-training/dataset/pascalvoc/VOCdevkit/VOC2012/SegmentationClass/2009_001306.png
~/projects/pascalvoc-training/dataset/pascalvoc/VOCdevkit/VOC2012/JPEGImages/2009_001311.jpg,~/projects/pascalvoc-training/dataset/pascalvoc/VOCdevkit/VOC2012/SegmentationClass/2009_001311.png
~/projects/pascalvoc-training/dataset/pascalvoc/VOCdevkit/VOC2012/JPEGImages/2009_001339.jpg,~/projects/pascalvoc-training/dataset/pascalvoc/VOCdevkit/VOC2012/SegmentationClass/2009_001339.png
~/projects/pascalvoc-training/dataset/pascalvoc/VOCdevkit/VOC2012/JPEGImages/2009_001359.jpg,~/projects/pascalvoc-training/dataset/pascalvoc/VOCdevkit/VOC2012/SegmentationClass/2009_001359.png
~/projects/pascalvoc-training/dataset/pascalvoc/VOCdevkit/VOC2012/JPEGImages/2009_001385.jpg,~/projects/pascalvoc-training/dataset/pascalvoc/VOCdevkit/VOC2012/SegmentationClass/2009_001385.png
~/projects/pascalvoc-training/dataset/pascalvoc/VOCdevkit/VOC2012/JPEGImages/2009_001388.jpg,~/projects/pascalvoc-training/dataset/pascalvoc/VOCdevkit/VOC2012/SegmentationClass/2009_001388.png
~/projects/pascalvoc-training/dataset/pascalvoc/VOCdevkit/VOC2012/JPEGImages/2009_001390.jpg,~/projects/pascalvoc-training/dataset/pascalvoc/VOCdevkit/VOC2012/SegmentationClass/2009_001390.png
~/projects/pascalvoc-training/dataset/pascalvoc/VOCdevkit/VOC2012/JPEGImages/2009_001403.jpg,~/projects/pascalvoc-training/dataset/pascalvoc/VOCdevkit/VOC2012/SegmentationClass/2009_001403.png
~/projects/pascalvoc-training/dataset/pascalvoc/VOCdevkit/VOC2012/JPEGImages/2009_001422.jpg,~/projects/pascalvoc-training/dataset/pascalvoc/VOCdevkit/VOC2012/SegmentationClass/2009_001422.png
~/projects/pascalvoc-training/dataset/pascalvoc/VOCdevkit/VOC2012/JPEGImages/2009_001443.jpg,~/projects/pascalvoc-training/dataset/pascalvoc/VOCdevkit/VOC2012/SegmentationClass/2009_001443.png
~/projects/pascalvoc-training/dataset/pascalvoc/VOCdevkit/VOC2012/JPEGImages/2009_001444.jpg,~/projects/pascalvoc-training/dataset/pascalvoc/VOCdevkit/VOC2012/SegmentationClass/2009_001444.png
~/projects/pascalvoc-training/dataset/pascalvoc/VOCdevkit/VOC2012/JPEGImages/2009_001481.jpg,~/projects/pascalvoc-training/dataset/pascalvoc/VOCdevkit/VOC2012/SegmentationClass/2009_001481.png
~/projects/pascalvoc-training/dataset/pascalvoc/VOCdevkit/VOC2012/JPEGImages/2009_001502.jpg,~/projects/pascalvoc-training/dataset/pascalvoc/VOCdevkit/VOC2012/SegmentationClass/2009_001502.png
~/projects/pascalvoc-training/dataset/pascalvoc/VOCdevkit/VOC2012/JPEGImages/2009_001514.jpg,~/projects/pascalvoc-training/dataset/pascalvoc/VOCdevkit/VOC2012/SegmentationClass/2009_001514.png
~/projects/pascalvoc-training/dataset/pascalvoc/VOCdevkit/VOC2012/JPEGImages/2009_001516.jpg,~/projects/pascalvoc-training/dataset/pascalvoc/VOCdevkit/VOC2012/SegmentationClass/2009_001516.png
~/projects/pascalvoc-training/dataset/pascalvoc/VOCdevkit/VOC2012/JPEGImages/2009_001544.jpg,~/projects/pascalvoc-training/dataset/pascalvoc/VOCdevkit/VOC2012/SegmentationClass/2009_001544.png
~/projects/pascalvoc-training/dataset/pascalvoc/VOCdevkit/VOC2012/JPEGImages/2009_001615.jpg,~/projects/pascalvoc-training/dataset/pascalvoc/VOCdevkit/VOC2012/SegmentationClass/2009_001615.png
~/projects/pascalvoc-training/dataset/pascalvoc/VOCdevkit/VOC2012/JPEGImages/2009_001625.jpg,~/projects/pascalvoc-training/dataset/pascalvoc/VOCdevkit/VOC2012/SegmentationClass/2009_001625.png
~/projects/pascalvoc-training/dataset/pascalvoc/VOCdevkit/VOC2012/JPEGImages/2009_001636.jpg,~/projects/pascalvoc-training/dataset/pascalvoc/VOCdevkit/VOC2012/SegmentationClass/2009_001636.png
~/projects/pascalvoc-training/dataset/pascalvoc/VOCdevkit/VOC2012/JPEGImages/2009_001640.jpg,~/projects/pascalvoc-training/dataset/pascalvoc/VOCdevkit/VOC2012/SegmentationClass/2009_001640.png
~/projects/pascalvoc-training/dataset/pascalvoc/VOCdevkit/VOC2012/JPEGImages/2009_001651.jpg,~/projects/pascalvoc-training/dataset/pascalvoc/VOCdevkit/VOC2012/SegmentationClass/2009_001651.png
~/projects/pascalvoc-training/dataset/pascalvoc/VOCdevkit/VOC2012/JPEGImages/2009_001664.jpg,~/projects/pascalvoc-training/dataset/pascalvoc/VOCdevkit/VOC2012/SegmentationClass/2009_001664.png
~/projects/pascalvoc-training/dataset/pascalvoc/VOCdevkit/VOC2012/JPEGImages/2009_001690.jpg,~/projects/pascalvoc-training/dataset/pascalvoc/VOCdevkit/VOC2012/SegmentationClass/2009_001690.png
~/projects/pascalvoc-training/dataset/pascalvoc/VOCdevkit/VOC2012/JPEGImages/2009_001693.jpg,~/projects/pascalvoc-training/dataset/pascalvoc/VOCdevkit/VOC2012/SegmentationClass/2009_001693.png
~/projects/pascalvoc-training/dataset/pascalvoc/VOCdevkit/VOC2012/JPEGImages/2009_001724.jpg,~/projects/pascalvoc-training/dataset/pascalvoc/VOCdevkit/VOC2012/SegmentationClass/2009_001724.png
~/projects/pascalvoc-training/dataset/pascalvoc/VOCdevkit/VOC2012/JPEGImages/2009_001735.jpg,~/projects/pascalvoc-training/dataset/pascalvoc/VOCdevkit/VOC2012/SegmentationClass/2009_001735.png
~/projects/pascalvoc-training/dataset/pascalvoc/VOCdevkit/VOC2012/JPEGImages/2009_001744.jpg,~/projects/pascalvoc-training/dataset/pascalvoc/VOCdevkit/VOC2012/SegmentationClass/2009_001744.png
~/projects/pascalvoc-training/dataset/pascalvoc/VOCdevkit/VOC2012/JPEGImages/2009_001755.jpg,~/projects/pascalvoc-training/dataset/pascalvoc/VOCdevkit/VOC2012/SegmentationClass/2009_001755.png
~/projects/pascalvoc-training/dataset/pascalvoc/VOCdevkit/VOC2012/JPEGImages/2009_001782.jpg,~/projects/pascalvoc-training/dataset/pascalvoc/VOCdevkit/VOC2012/SegmentationClass/2009_001782.png
~/projects/pascalvoc-training/dataset/pascalvoc/VOCdevkit/VOC2012/JPEGImages/2009_001783.jpg,~/projects/pascalvoc-training/dataset/pascalvoc/VOCdevkit/VOC2012/SegmentationClass/2009_001783.png
~/projects/pascalvoc-training/dataset/pascalvoc/VOCdevkit/VOC2012/JPEGImages/2009_001802.jpg,~/projects/pascalvoc-training/dataset/pascalvoc/VOCdevkit/VOC2012/SegmentationClass/2009_001802.png
~/projects/pascalvoc-training/dataset/pascalvoc/VOCdevkit/VOC2012/JPEGImages/2009_001828.jpg,~/projects/pascalvoc-training/dataset/pascalvoc/VOCdevkit/VOC2012/SegmentationClass/2009_001828.png
~/projects/pascalvoc-training/dataset/pascalvoc/VOCdevkit/VOC2012/JPEGImages/2009_001868.jpg,~/projects/pascalvoc-training/dataset/pascalvoc/VOCdevkit/VOC2012/SegmentationClass/2009_001868.png
~/projects/pascalvoc-training/dataset/pascalvoc/VOCdevkit/VOC2012/JPEGImages/2009_001871.jpg,~/projects/pascalvoc-training/dataset/pascalvoc/VOCdevkit/VOC2012/SegmentationClass/2009_001871.png
~/projects/pascalvoc-training/dataset/pascalvoc/VOCdevkit/VOC2012/JPEGImages/2009_001885.jpg,~/projects/pascalvoc-training/dataset/pascalvoc/VOCdevkit/VOC2012/SegmentationClass/2009_001885.png
~/projects/pascalvoc-training/dataset/pascalvoc/VOCdevkit/VOC2012/JPEGImages/2009_001888.jpg,~/projects/pascalvoc-training/dataset/pascalvoc/VOCdevkit/VOC2012/SegmentationClass/2009_001888.png
~/projects/pascalvoc-training/dataset/pascalvoc/VOCdevkit/VOC2012/JPEGImages/2009_001894.jpg,~/projects/pascalvoc-training/dataset/pascalvoc/VOCdevkit/VOC2012/SegmentationClass/2009_001894.png
~/projects/pascalvoc-training/dataset/pascalvoc/VOCdevkit/VOC2012/JPEGImages/2009_001898.jpg,~/projects/pascalvoc-training/dataset/pascalvoc/VOCdevkit/VOC2012/SegmentationClass/2009_001898.png
~/projects/pascalvoc-training/dataset/pascalvoc/VOCdevkit/VOC2012/JPEGImages/2009_001922.jpg,~/projects/pascalvoc-training/dataset/pascalvoc/VOCdevkit/VOC2012/SegmentationClass/2009_001922.png
~/projects/pascalvoc-training/dataset/pascalvoc/VOCdevkit/VOC2012/JPEGImages/2009_001937.jpg,~/projects/pascalvoc-training/dataset/pascalvoc/VOCdevkit/VOC2012/SegmentationClass/2009_001937.png
~/projects/pascalvoc-training/dataset/pascalvoc/VOCdevkit/VOC2012/JPEGImages/2009_001961.jpg,~/projects/pascalvoc-training/dataset/pascalvoc/VOCdevkit/VOC2012/SegmentationClass/2009_001961.png
~/projects/pascalvoc-training/dataset/pascalvoc/VOCdevkit/VOC2012/JPEGImages/2009_001964.jpg,~/projects/pascalvoc-training/dataset/pascalvoc/VOCdevkit/VOC2012/SegmentationClass/2009_001964.png
~/projects/pascalvoc-training/dataset/pascalvoc/VOCdevkit/VOC2012/JPEGImages/2009_001972.jpg,~/projects/pascalvoc-training/dataset/pascalvoc/VOCdevkit/VOC2012/SegmentationClass/2009_001972.png
~/projects/pascalvoc-training/dataset/pascalvoc/VOCdevkit/VOC2012/JPEGImages/2009_002010.jpg,~/projects/pascalvoc-training/dataset/pascalvoc/VOCdevkit/VOC2012/SegmentationClass/2009_002010.png
~/projects/pascalvoc-training/dataset/pascalvoc/VOCdevkit/VOC2012/JPEGImages/2009_002019.jpg,~/projects/pascalvoc-training/dataset/pascalvoc/VOCdevkit/VOC2012/SegmentationClass/2009_002019.png
~/projects/pascalvoc-training/dataset/pascalvoc/VOCdevkit/VOC2012/JPEGImages/2009_002052.jpg,~/projects/pascalvoc-training/dataset/pascalvoc/VOCdevkit/VOC2012/SegmentationClass/2009_002052.png
~/projects/pascalvoc-training/dataset/pascalvoc/VOCdevkit/VOC2012/JPEGImages/2009_002060.jpg,~/projects/pascalvoc-training/dataset/pascalvoc/VOCdevkit/VOC2012/SegmentationClass/2009_002060.png
~/projects/pascalvoc-training/dataset/pascalvoc/VOCdevkit/VOC2012/JPEGImages/2009_002072.jpg,~/projects/pascalvoc-training/dataset/pascalvoc/VOCdevkit/VOC2012/SegmentationClass/2009_002072.png
~/projects/pascalvoc-training/dataset/pascalvoc/VOCdevkit/VOC2012/JPEGImages/2009_002083.jpg,~/projects/pascalvoc-training/dataset/pascalvoc/VOCdevkit/VOC2012/SegmentationClass/2009_002083.png
~/projects/pascalvoc-training/dataset/pascalvoc/VOCdevkit/VOC2012/JPEGImages/2009_002117.jpg,~/projects/pascalvoc-training/dataset/pascalvoc/VOCdevkit/VOC2012/SegmentationClass/2009_002117.png
~/projects/pascalvoc-training/dataset/pascalvoc/VOCdevkit/VOC2012/JPEGImages/2009_002153.jpg,~/projects/pascalvoc-training/dataset/pascalvoc/VOCdevkit/VOC2012/SegmentationClass/2009_002153.png
~/projects/pascalvoc-training/dataset/pascalvoc/VOCdevkit/VOC2012/JPEGImages/2009_002204.jpg,~/projects/pascalvoc-training/dataset/pascalvoc/VOCdevkit/VOC2012/SegmentationClass/2009_002204.png
~/projects/pascalvoc-training/dataset/pascalvoc/VOCdevkit/VOC2012/JPEGImages/2009_002216.jpg,~/projects/pascalvoc-training/dataset/pascalvoc/VOCdevkit/VOC2012/SegmentationClass/2009_002216.png
~/projects/pascalvoc-training/dataset/pascalvoc/VOCdevkit/VOC2012/JPEGImages/2009_002229.jpg,~/projects/pascalvoc-training/dataset/pascalvoc/VOCdevkit/VOC2012/SegmentationClass/2009_002229.png
~/projects/pascalvoc-training/dataset/pascalvoc/VOCdevkit/VOC2012/JPEGImages/2009_002245.jpg,~/projects/pascalvoc-training/dataset/pascalvoc/VOCdevkit/VOC2012/SegmentationClass/2009_002245.png
~/projects/pascalvoc-training/dataset/pascalvoc/VOCdevkit/VOC2012/JPEGImages/2009_002262.jpg,~/projects/pascalvoc-training/dataset/pascalvoc/VOCdevkit/VOC2012/SegmentationClass/2009_002262.png
~/projects/pascalvoc-training/dataset/pascalvoc/VOCdevkit/VOC2012/JPEGImages/2009_002264.jpg,~/projects/pascalvoc-training/dataset/pascalvoc/VOCdevkit/VOC2012/SegmentationClass/2009_002264.png
~/projects/pascalvoc-training/dataset/pascalvoc/VOCdevkit/VOC2012/JPEGImages/2009_002281.jpg,~/projects/pascalvoc-training/dataset/pascalvoc/VOCdevkit/VOC2012/SegmentationClass/2009_002281.png
~/projects/pascalvoc-training/dataset/pascalvoc/VOCdevkit/VOC2012/JPEGImages/2009_002285.jpg,~/projects/pascalvoc-training/dataset/pascalvoc/VOCdevkit/VOC2012/SegmentationClass/2009_002285.png
~/projects/pascalvoc-training/dataset/pascalvoc/VOCdevkit/VOC2012/JPEGImages/2009_002314.jpg,~/projects/pascalvoc-training/dataset/pascalvoc/VOCdevkit/VOC2012/SegmentationClass/2009_002314.png
~/projects/pascalvoc-training/dataset/pascalvoc/VOCdevkit/VOC2012/JPEGImages/2009_002343.jpg,~/projects/pascalvoc-training/dataset/pascalvoc/VOCdevkit/VOC2012/SegmentationClass/2009_002343.png
~/projects/pascalvoc-training/dataset/pascalvoc/VOCdevkit/VOC2012/JPEGImages/2009_002362.jpg,~/projects/pascalvoc-training/dataset/pascalvoc/VOCdevkit/VOC2012/SegmentationClass/2009_002362.png
~/projects/pascalvoc-training/dataset/pascalvoc/VOCdevkit/VOC2012/JPEGImages/2009_002387.jpg,~/projects/pascalvoc-training/dataset/pascalvoc/VOCdevkit/VOC2012/SegmentationClass/2009_002387.png
~/projects/pascalvoc-training/dataset/pascalvoc/VOCdevkit/VOC2012/JPEGImages/2009_002409.jpg,~/projects/pascalvoc-training/dataset/pascalvoc/VOCdevkit/VOC2012/SegmentationClass/2009_002409.png
~/projects/pascalvoc-training/dataset/pascalvoc/VOCdevkit/VOC2012/JPEGImages/2009_002416.jpg,~/projects/pascalvoc-training/dataset/pascalvoc/VOCdevkit/VOC2012/SegmentationClass/2009_002416.png
~/projects/pascalvoc-training/dataset/pascalvoc/VOCdevkit/VOC2012/JPEGImages/2009_002419.jpg,~/projects/pascalvoc-training/dataset/pascalvoc/VOCdevkit/VOC2012/SegmentationClass/2009_002419.png
~/projects/pascalvoc-training/dataset/pascalvoc/VOCdevkit/VOC2012/JPEGImages/2009_002422.jpg,~/projects/pascalvoc-training/dataset/pascalvoc/VOCdevkit/VOC2012/SegmentationClass/2009_002422.png
~/projects/pascalvoc-training/dataset/pascalvoc/VOCdevkit/VOC2012/JPEGImages/2009_002423.jpg,~/projects/pascalvoc-training/dataset/pascalvoc/VOCdevkit/VOC2012/SegmentationClass/2009_002423.png
~/projects/pascalvoc-training/dataset/pascalvoc/VOCdevkit/VOC2012/JPEGImages/2009_002425.jpg,~/projects/pascalvoc-training/dataset/pascalvoc/VOCdevkit/VOC2012/SegmentationClass/2009_002425.png
~/projects/pascalvoc-training/dataset/pascalvoc/VOCdevkit/VOC2012/JPEGImages/2009_002448.jpg,~/projects/pascalvoc-training/dataset/pascalvoc/VOCdevkit/VOC2012/SegmentationClass/2009_002448.png
~/projects/pascalvoc-training/dataset/pascalvoc/VOCdevkit/VOC2012/JPEGImages/2009_002460.jpg,~/projects/pascalvoc-training/dataset/pascalvoc/VOCdevkit/VOC2012/SegmentationClass/2009_002460.png
~/projects/pascalvoc-training/dataset/pascalvoc/VOCdevkit/VOC2012/JPEGImages/2009_002472.jpg,~/projects/pascalvoc-training/dataset/pascalvoc/VOCdevkit/VOC2012/SegmentationClass/2009_002472.png
~/projects/pascalvoc-training/dataset/pascalvoc/VOCdevkit/VOC2012/JPEGImages/2009_002519.jpg,~/projects/pascalvoc-training/dataset/pascalvoc/VOCdevkit/VOC2012/SegmentationClass/2009_002519.png
~/projects/pascalvoc-training/dataset/pascalvoc/VOCdevkit/VOC2012/JPEGImages/2009_002530.jpg,~/projects/pascalvoc-training/dataset/pascalvoc/VOCdevkit/VOC2012/SegmentationClass/2009_002530.png
~/projects/pascalvoc-training/dataset/pascalvoc/VOCdevkit/VOC2012/JPEGImages/2009_002543.jpg,~/projects/pascalvoc-training/dataset/pascalvoc/VOCdevkit/VOC2012/SegmentationClass/2009_002543.png
~/projects/pascalvoc-training/dataset/pascalvoc/VOCdevkit/VOC2012/JPEGImages/2009_002567.jpg,~/projects/pascalvoc-training/dataset/pascalvoc/VOCdevkit/VOC2012/SegmentationClass/2009_002567.png
~/projects/pascalvoc-training/dataset/pascalvoc/VOCdevkit/VOC2012/JPEGImages/2009_002586.jpg,~/projects/pascalvoc-training/dataset/pascalvoc/VOCdevkit/VOC2012/SegmentationClass/2009_002586.png
~/projects/pascalvoc-training/dataset/pascalvoc/VOCdevkit/VOC2012/JPEGImages/2009_002588.jpg,~/projects/pascalvoc-training/dataset/pascalvoc/VOCdevkit/VOC2012/SegmentationClass/2009_002588.png
~/projects/pascalvoc-training/dataset/pascalvoc/VOCdevkit/VOC2012/JPEGImages/2009_002599.jpg,~/projects/pascalvoc-training/dataset/pascalvoc/VOCdevkit/VOC2012/SegmentationClass/2009_002599.png
~/projects/pascalvoc-training/dataset/pascalvoc/VOCdevkit/VOC2012/JPEGImages/2009_002613.jpg,~/projects/pascalvoc-training/dataset/pascalvoc/VOCdevkit/VOC2012/SegmentationClass/2009_002613.png
~/projects/pascalvoc-training/dataset/pascalvoc/VOCdevkit/VOC2012/JPEGImages/2009_002626.jpg,~/projects/pascalvoc-training/dataset/pascalvoc/VOCdevkit/VOC2012/SegmentationClass/2009_002626.png
~/projects/pascalvoc-training/dataset/pascalvoc/VOCdevkit/VOC2012/JPEGImages/2009_002628.jpg,~/projects/pascalvoc-training/dataset/pascalvoc/VOCdevkit/VOC2012/SegmentationClass/2009_002628.png
~/projects/pascalvoc-training/dataset/pascalvoc/VOCdevkit/VOC2012/JPEGImages/2009_002662.jpg,~/projects/pascalvoc-training/dataset/pascalvoc/VOCdevkit/VOC2012/SegmentationClass/2009_002662.png
~/projects/pascalvoc-training/dataset/pascalvoc/VOCdevkit/VOC2012/JPEGImages/2009_002674.jpg,~/projects/pascalvoc-training/dataset/pascalvoc/VOCdevkit/VOC2012/SegmentationClass/2009_002674.png
~/projects/pascalvoc-training/dataset/pascalvoc/VOCdevkit/VOC2012/JPEGImages/2009_002713.jpg,~/projects/pascalvoc-training/dataset/pascalvoc/VOCdevkit/VOC2012/SegmentationClass/2009_002713.png
~/projects/pascalvoc-training/dataset/pascalvoc/VOCdevkit/VOC2012/JPEGImages/2009_002715.jpg,~/projects/pascalvoc-training/dataset/pascalvoc/VOCdevkit/VOC2012/SegmentationClass/2009_002715.png
~/projects/pascalvoc-training/dataset/pascalvoc/VOCdevkit/VOC2012/JPEGImages/2009_002734.jpg,~/projects/pascalvoc-training/dataset/pascalvoc/VOCdevkit/VOC2012/SegmentationClass/2009_002734.png
~/projects/pascalvoc-training/dataset/pascalvoc/VOCdevkit/VOC2012/JPEGImages/2009_002763.jpg,~/projects/pascalvoc-training/dataset/pascalvoc/VOCdevkit/VOC2012/SegmentationClass/2009_002763.png
~/projects/pascalvoc-training/dataset/pascalvoc/VOCdevkit/VOC2012/JPEGImages/2009_002789.jpg,~/projects/pascalvoc-training/dataset/pascalvoc/VOCdevkit/VOC2012/SegmentationClass/2009_002789.png
~/projects/pascalvoc-training/dataset/pascalvoc/VOCdevkit/VOC2012/JPEGImages/2009_002820.jpg,~/projects/pascalvoc-training/dataset/pascalvoc/VOCdevkit/VOC2012/SegmentationClass/2009_002820.png
~/projects/pascalvoc-training/dataset/pascalvoc/VOCdevkit/VOC2012/JPEGImages/2009_002844.jpg,~/projects/pascalvoc-training/dataset/pascalvoc/VOCdevkit/VOC2012/SegmentationClass/2009_002844.png
~/projects/pascalvoc-training/dataset/pascalvoc/VOCdevkit/VOC2012/JPEGImages/2009_002845.jpg,~/projects/pascalvoc-training/dataset/pascalvoc/VOCdevkit/VOC2012/SegmentationClass/2009_002845.png
~/projects/pascalvoc-training/dataset/pascalvoc/VOCdevkit/VOC2012/JPEGImages/2009_002849.jpg,~/projects/pascalvoc-training/dataset/pascalvoc/VOCdevkit/VOC2012/SegmentationClass/2009_002849.png
~/projects/pascalvoc-training/dataset/pascalvoc/VOCdevkit/VOC2012/JPEGImages/2009_002862.jpg,~/projects/pascalvoc-training/dataset/pascalvoc/VOCdevkit/VOC2012/SegmentationClass/2009_002862.png
~/projects/pascalvoc-training/dataset/pascalvoc/VOCdevkit/VOC2012/JPEGImages/2009_002872.jpg,~/projects/pascalvoc-training/dataset/pascalvoc/VOCdevkit/VOC2012/SegmentationClass/2009_002872.png
~/projects/pascalvoc-training/dataset/pascalvoc/VOCdevkit/VOC2012/JPEGImages/2009_002885.jpg,~/projects/pascalvoc-training/dataset/pascalvoc/VOCdevkit/VOC2012/SegmentationClass/2009_002885.png
~/projects/pascalvoc-training/dataset/pascalvoc/VOCdevkit/VOC2012/JPEGImages/2009_002897.jpg,~/projects/pascalvoc-training/dataset/pascalvoc/VOCdevkit/VOC2012/SegmentationClass/2009_002897.png
~/projects/pascalvoc-training/dataset/pascalvoc/VOCdevkit/VOC2012/JPEGImages/2009_002912.jpg,~/projects/pascalvoc-training/dataset/pascalvoc/VOCdevkit/VOC2012/SegmentationClass/2009_002912.png
~/projects/pascalvoc-training/dataset/pascalvoc/VOCdevkit/VOC2012/JPEGImages/2009_002914.jpg,~/projects/pascalvoc-training/dataset/pascalvoc/VOCdevkit/VOC2012/SegmentationClass/2009_002914.png
~/projects/pascalvoc-training/dataset/pascalvoc/VOCdevkit/VOC2012/JPEGImages/2009_002917.jpg,~/projects/pascalvoc-training/dataset/pascalvoc/VOCdevkit/VOC2012/SegmentationClass/2009_002917.png
~/projects/pascalvoc-training/dataset/pascalvoc/VOCdevkit/VOC2012/JPEGImages/2009_002932.jpg,~/projects/pascalvoc-training/dataset/pascalvoc/VOCdevkit/VOC2012/SegmentationClass/2009_002932.png
~/projects/pascalvoc-training/dataset/pascalvoc/VOCdevkit/VOC2012/JPEGImages/2009_002972.jpg,~/projects/pascalvoc-training/dataset/pascalvoc/VOCdevkit/VOC2012/SegmentationClass/2009_002972.png
~/projects/pascalvoc-training/dataset/pascalvoc/VOCdevkit/VOC2012/JPEGImages/2009_002984.jpg,~/projects/pascalvoc-training/dataset/pascalvoc/VOCdevkit/VOC2012/SegmentationClass/2009_002984.png
~/projects/pascalvoc-training/dataset/pascalvoc/VOCdevkit/VOC2012/JPEGImages/2009_002988.jpg,~/projects/pascalvoc-training/dataset/pascalvoc/VOCdevkit/VOC2012/SegmentationClass/2009_002988.png
~/projects/pascalvoc-training/dataset/pascalvoc/VOCdevkit/VOC2012/JPEGImages/2009_002993.jpg,~/projects/pascalvoc-training/dataset/pascalvoc/VOCdevkit/VOC2012/SegmentationClass/2009_002993.png
~/projects/pascalvoc-training/dataset/pascalvoc/VOCdevkit/VOC2012/JPEGImages/2009_003006.jpg,~/projects/pascalvoc-training/dataset/pascalvoc/VOCdevkit/VOC2012/SegmentationClass/2009_003006.png
~/projects/pascalvoc-training/dataset/pascalvoc/VOCdevkit/VOC2012/JPEGImages/2009_003007.jpg,~/projects/pascalvoc-training/dataset/pascalvoc/VOCdevkit/VOC2012/SegmentationClass/2009_003007.png
~/projects/pascalvoc-training/dataset/pascalvoc/VOCdevkit/VOC2012/JPEGImages/2009_003012.jpg,~/projects/pascalvoc-training/dataset/pascalvoc/VOCdevkit/VOC2012/SegmentationClass/2009_003012.png
~/projects/pascalvoc-training/dataset/pascalvoc/VOCdevkit/VOC2012/JPEGImages/2009_003034.jpg,~/projects/pascalvoc-training/dataset/pascalvoc/VOCdevkit/VOC2012/SegmentationClass/2009_003034.png
~/projects/pascalvoc-training/dataset/pascalvoc/VOCdevkit/VOC2012/JPEGImages/2009_003035.jpg,~/projects/pascalvoc-training/dataset/pascalvoc/VOCdevkit/VOC2012/SegmentationClass/2009_003035.png
~/projects/pascalvoc-training/dataset/pascalvoc/VOCdevkit/VOC2012/JPEGImages/2009_003039.jpg,~/projects/pascalvoc-training/dataset/pascalvoc/VOCdevkit/VOC2012/SegmentationClass/2009_003039.png
~/projects/pascalvoc-training/dataset/pascalvoc/VOCdevkit/VOC2012/JPEGImages/2009_003053.jpg,~/projects/pascalvoc-training/dataset/pascalvoc/VOCdevkit/VOC2012/SegmentationClass/2009_003053.png
~/projects/pascalvoc-training/dataset/pascalvoc/VOCdevkit/VOC2012/JPEGImages/2009_003054.jpg,~/projects/pascalvoc-training/dataset/pascalvoc/VOCdevkit/VOC2012/SegmentationClass/2009_003054.png
~/projects/pascalvoc-training/dataset/pascalvoc/VOCdevkit/VOC2012/JPEGImages/2009_003075.jpg,~/projects/pascalvoc-training/dataset/pascalvoc/VOCdevkit/VOC2012/SegmentationClass/2009_003075.png
~/projects/pascalvoc-training/dataset/pascalvoc/VOCdevkit/VOC2012/JPEGImages/2009_003087.jpg,~/projects/pascalvoc-training/dataset/pascalvoc/VOCdevkit/VOC2012/SegmentationClass/2009_003087.png
~/projects/pascalvoc-training/dataset/pascalvoc/VOCdevkit/VOC2012/JPEGImages/2009_003088.jpg,~/projects/pascalvoc-training/dataset/pascalvoc/VOCdevkit/VOC2012/SegmentationClass/2009_003088.png
~/projects/pascalvoc-training/dataset/pascalvoc/VOCdevkit/VOC2012/JPEGImages/2009_003090.jpg,~/projects/pascalvoc-training/dataset/pascalvoc/VOCdevkit/VOC2012/SegmentationClass/2009_003090.png
~/projects/pascalvoc-training/dataset/pascalvoc/VOCdevkit/VOC2012/JPEGImages/2009_003142.jpg,~/projects/pascalvoc-training/dataset/pascalvoc/VOCdevkit/VOC2012/SegmentationClass/2009_003142.png
~/projects/pascalvoc-training/dataset/pascalvoc/VOCdevkit/VOC2012/JPEGImages/2009_003146.jpg,~/projects/pascalvoc-training/dataset/pascalvoc/VOCdevkit/VOC2012/SegmentationClass/2009_003146.png
~/projects/pascalvoc-training/dataset/pascalvoc/VOCdevkit/VOC2012/JPEGImages/2009_003147.jpg,~/projects/pascalvoc-training/dataset/pascalvoc/VOCdevkit/VOC2012/SegmentationClass/2009_003147.png
~/projects/pascalvoc-training/dataset/pascalvoc/VOCdevkit/VOC2012/JPEGImages/2009_003164.jpg,~/projects/pascalvoc-training/dataset/pascalvoc/VOCdevkit/VOC2012/SegmentationClass/2009_003164.png
~/projects/pascalvoc-training/dataset/pascalvoc/VOCdevkit/VOC2012/JPEGImages/2009_003172.jpg,~/projects/pascalvoc-training/dataset/pascalvoc/VOCdevkit/VOC2012/SegmentationClass/2009_003172.png
~/projects/pascalvoc-training/dataset/pascalvoc/VOCdevkit/VOC2012/JPEGImages/2009_003200.jpg,~/projects/pascalvoc-training/dataset/pascalvoc/VOCdevkit/VOC2012/SegmentationClass/2009_003200.png
~/projects/pascalvoc-training/dataset/pascalvoc/VOCdevkit/VOC2012/JPEGImages/2009_003249.jpg,~/projects/pascalvoc-training/dataset/pascalvoc/VOCdevkit/VOC2012/SegmentationClass/2009_003249.png
~/projects/pascalvoc-training/dataset/pascalvoc/VOCdevkit/VOC2012/JPEGImages/2009_003317.jpg,~/projects/pascalvoc-training/dataset/pascalvoc/VOCdevkit/VOC2012/SegmentationClass/2009_003317.png
~/projects/pascalvoc-training/dataset/pascalvoc/VOCdevkit/VOC2012/JPEGImages/2009_003340.jpg,~/projects/pascalvoc-training/dataset/pascalvoc/VOCdevkit/VOC2012/SegmentationClass/2009_003340.png
~/projects/pascalvoc-training/dataset/pascalvoc/VOCdevkit/VOC2012/JPEGImages/2009_003345.jpg,~/projects/pascalvoc-training/dataset/pascalvoc/VOCdevkit/VOC2012/SegmentationClass/2009_003345.png
~/projects/pascalvoc-training/dataset/pascalvoc/VOCdevkit/VOC2012/JPEGImages/2009_003353.jpg,~/projects/pascalvoc-training/dataset/pascalvoc/VOCdevkit/VOC2012/SegmentationClass/2009_003353.png
~/projects/pascalvoc-training/dataset/pascalvoc/VOCdevkit/VOC2012/JPEGImages/2009_003361.jpg,~/projects/pascalvoc-training/dataset/pascalvoc/VOCdevkit/VOC2012/SegmentationClass/2009_003361.png
~/projects/pascalvoc-training/dataset/pascalvoc/VOCdevkit/VOC2012/JPEGImages/2009_003369.jpg,~/projects/pascalvoc-training/dataset/pascalvoc/VOCdevkit/VOC2012/SegmentationClass/2009_003369.png
~/projects/pascalvoc-training/dataset/pascalvoc/VOCdevkit/VOC2012/JPEGImages/2009_003455.jpg,~/projects/pascalvoc-training/dataset/pascalvoc/VOCdevkit/VOC2012/SegmentationClass/2009_003455.png
~/projects/pascalvoc-training/dataset/pascalvoc/VOCdevkit/VOC2012/JPEGImages/2009_003461.jpg,~/projects/pascalvoc-training/dataset/pascalvoc/VOCdevkit/VOC2012/SegmentationClass/2009_003461.png
~/projects/pascalvoc-training/dataset/pascalvoc/VOCdevkit/VOC2012/JPEGImages/2009_003468.jpg,~/projects/pascalvoc-training/dataset/pascalvoc/VOCdevkit/VOC2012/SegmentationClass/2009_003468.png
~/projects/pascalvoc-training/dataset/pascalvoc/VOCdevkit/VOC2012/JPEGImages/2009_003497.jpg,~/projects/pascalvoc-training/dataset/pascalvoc/VOCdevkit/VOC2012/SegmentationClass/2009_003497.png
~/projects/pascalvoc-training/dataset/pascalvoc/VOCdevkit/VOC2012/JPEGImages/2009_003519.jpg,~/projects/pascalvoc-training/dataset/pascalvoc/VOCdevkit/VOC2012/SegmentationClass/2009_003519.png
~/projects/pascalvoc-training/dataset/pascalvoc/VOCdevkit/VOC2012/JPEGImages/2009_003522.jpg,~/projects/pascalvoc-training/dataset/pascalvoc/VOCdevkit/VOC2012/SegmentationClass/2009_003522.png
~/projects/pascalvoc-training/dataset/pascalvoc/VOCdevkit/VOC2012/JPEGImages/2009_003539.jpg,~/projects/pascalvoc-training/dataset/pascalvoc/VOCdevkit/VOC2012/SegmentationClass/2009_003539.png
~/projects/pascalvoc-training/dataset/pascalvoc/VOCdevkit/VOC2012/JPEGImages/2009_003555.jpg,~/projects/pascalvoc-training/dataset/pascalvoc/VOCdevkit/VOC2012/SegmentationClass/2009_003555.png
~/projects/pascalvoc-training/dataset/pascalvoc/VOCdevkit/VOC2012/JPEGImages/2009_003613.jpg,~/projects/pascalvoc-training/dataset/pascalvoc/VOCdevkit/VOC2012/SegmentationClass/2009_003613.png
~/projects/pascalvoc-training/dataset/pascalvoc/VOCdevkit/VOC2012/JPEGImages/2009_003636.jpg,~/projects/pascalvoc-training/dataset/pascalvoc/VOCdevkit/VOC2012/SegmentationClass/2009_003636.png
~/projects/pascalvoc-training/dataset/pascalvoc/VOCdevkit/VOC2012/JPEGImages/2009_003646.jpg,~/projects/pascalvoc-training/dataset/pascalvoc/VOCdevkit/VOC2012/SegmentationClass/2009_003646.png
~/projects/pascalvoc-training/dataset/pascalvoc/VOCdevkit/VOC2012/JPEGImages/2009_003660.jpg,~/projects/pascalvoc-training/dataset/pascalvoc/VOCdevkit/VOC2012/SegmentationClass/2009_003660.png
~/projects/pascalvoc-training/dataset/pascalvoc/VOCdevkit/VOC2012/JPEGImages/2009_003690.jpg,~/projects/pascalvoc-training/dataset/pascalvoc/VOCdevkit/VOC2012/SegmentationClass/2009_003690.png
~/projects/pascalvoc-training/dataset/pascalvoc/VOCdevkit/VOC2012/JPEGImages/2009_003697.jpg,~/projects/pascalvoc-training/dataset/pascalvoc/VOCdevkit/VOC2012/SegmentationClass/2009_003697.png
~/projects/pascalvoc-training/dataset/pascalvoc/VOCdevkit/VOC2012/JPEGImages/2009_003711.jpg,~/projects/pascalvoc-training/dataset/pascalvoc/VOCdevkit/VOC2012/SegmentationClass/2009_003711.png
~/projects/pascalvoc-training/dataset/pascalvoc/VOCdevkit/VOC2012/JPEGImages/2009_003734.jpg,~/projects/pascalvoc-training/dataset/pascalvoc/VOCdevkit/VOC2012/SegmentationClass/2009_003734.png
~/projects/pascalvoc-training/dataset/pascalvoc/VOCdevkit/VOC2012/JPEGImages/2009_003736.jpg,~/projects/pascalvoc-training/dataset/pascalvoc/VOCdevkit/VOC2012/SegmentationClass/2009_003736.png
~/projects/pascalvoc-training/dataset/pascalvoc/VOCdevkit/VOC2012/JPEGImages/2009_003757.jpg,~/projects/pascalvoc-training/dataset/pascalvoc/VOCdevkit/VOC2012/SegmentationClass/2009_003757.png
~/projects/pascalvoc-training/dataset/pascalvoc/VOCdevkit/VOC2012/JPEGImages/2009_003768.jpg,~/projects/pascalvoc-training/dataset/pascalvoc/VOCdevkit/VOC2012/SegmentationClass/2009_003768.png
~/projects/pascalvoc-training/dataset/pascalvoc/VOCdevkit/VOC2012/JPEGImages/2009_003783.jpg,~/projects/pascalvoc-training/dataset/pascalvoc/VOCdevkit/VOC2012/SegmentationClass/2009_003783.png
~/projects/pascalvoc-training/dataset/pascalvoc/VOCdevkit/VOC2012/JPEGImages/2009_003799.jpg,~/projects/pascalvoc-training/dataset/pascalvoc/VOCdevkit/VOC2012/SegmentationClass/2009_003799.png
~/projects/pascalvoc-training/dataset/pascalvoc/VOCdevkit/VOC2012/JPEGImages/2009_003815.jpg,~/projects/pascalvoc-training/dataset/pascalvoc/VOCdevkit/VOC2012/SegmentationClass/2009_003815.png
~/projects/pascalvoc-training/dataset/pascalvoc/VOCdevkit/VOC2012/JPEGImages/2009_003820.jpg,~/projects/pascalvoc-training/dataset/pascalvoc/VOCdevkit/VOC2012/SegmentationClass/2009_003820.png
~/projects/pascalvoc-training/dataset/pascalvoc/VOCdevkit/VOC2012/JPEGImages/2009_003825.jpg,~/projects/pascalvoc-training/dataset/pascalvoc/VOCdevkit/VOC2012/SegmentationClass/2009_003825.png
~/projects/pascalvoc-training/dataset/pascalvoc/VOCdevkit/VOC2012/JPEGImages/2009_003860.jpg,~/projects/pascalvoc-training/dataset/pascalvoc/VOCdevkit/VOC2012/SegmentationClass/2009_003860.png
~/projects/pascalvoc-training/dataset/pascalvoc/VOCdevkit/VOC2012/JPEGImages/2009_003865.jpg,~/projects/pascalvoc-training/dataset/pascalvoc/VOCdevkit/VOC2012/SegmentationClass/2009_003865.png
~/projects/pascalvoc-training/dataset/pascalvoc/VOCdevkit/VOC2012/JPEGImages/2009_003921.jpg,~/projects/pascalvoc-training/dataset/pascalvoc/VOCdevkit/VOC2012/SegmentationClass/2009_003921.png
~/projects/pascalvoc-training/dataset/pascalvoc/VOCdevkit/VOC2012/JPEGImages/2009_003922.jpg,~/projects/pascalvoc-training/dataset/pascalvoc/VOCdevkit/VOC2012/SegmentationClass/2009_003922.png
~/projects/pascalvoc-training/dataset/pascalvoc/VOCdevkit/VOC2012/JPEGImages/2009_003933.jpg,~/projects/pascalvoc-training/dataset/pascalvoc/VOCdevkit/VOC2012/SegmentationClass/2009_003933.png
~/projects/pascalvoc-training/dataset/pascalvoc/VOCdevkit/VOC2012/JPEGImages/2009_003961.jpg,~/projects/pascalvoc-training/dataset/pascalvoc/VOCdevkit/VOC2012/SegmentationClass/2009_003961.png
~/projects/pascalvoc-training/dataset/pascalvoc/VOCdevkit/VOC2012/JPEGImages/2009_003975.jpg,~/projects/pascalvoc-training/dataset/pascalvoc/VOCdevkit/VOC2012/SegmentationClass/2009_003975.png
~/projects/pascalvoc-training/dataset/pascalvoc/VOCdevkit/VOC2012/JPEGImages/2009_004091.jpg,~/projects/pascalvoc-training/dataset/pascalvoc/VOCdevkit/VOC2012/SegmentationClass/2009_004091.png
~/projects/pascalvoc-training/dataset/pascalvoc/VOCdevkit/VOC2012/JPEGImages/2009_004095.jpg,~/projects/pascalvoc-training/dataset/pascalvoc/VOCdevkit/VOC2012/SegmentationClass/2009_004095.png
~/projects/pascalvoc-training/dataset/pascalvoc/VOCdevkit/VOC2012/JPEGImages/2009_004105.jpg,~/projects/pascalvoc-training/dataset/pascalvoc/VOCdevkit/VOC2012/SegmentationClass/2009_004105.png
~/projects/pascalvoc-training/dataset/pascalvoc/VOCdevkit/VOC2012/JPEGImages/2009_004117.jpg,~/projects/pascalvoc-training/dataset/pascalvoc/VOCdevkit/VOC2012/SegmentationClass/2009_004117.png
~/projects/pascalvoc-training/dataset/pascalvoc/VOCdevkit/VOC2012/JPEGImages/2009_004171.jpg,~/projects/pascalvoc-training/dataset/pascalvoc/VOCdevkit/VOC2012/SegmentationClass/2009_004171.png
~/projects/pascalvoc-training/dataset/pascalvoc/VOCdevkit/VOC2012/JPEGImages/2009_004178.jpg,~/projects/pascalvoc-training/dataset/pascalvoc/VOCdevkit/VOC2012/SegmentationClass/2009_004178.png
~/projects/pascalvoc-training/dataset/pascalvoc/VOCdevkit/VOC2012/JPEGImages/2009_004180.jpg,~/projects/pascalvoc-training/dataset/pascalvoc/VOCdevkit/VOC2012/SegmentationClass/2009_004180.png
~/projects/pascalvoc-training/dataset/pascalvoc/VOCdevkit/VOC2012/JPEGImages/2009_004186.jpg,~/projects/pascalvoc-training/dataset/pascalvoc/VOCdevkit/VOC2012/SegmentationClass/2009_004186.png
~/projects/pascalvoc-training/dataset/pascalvoc/VOCdevkit/VOC2012/JPEGImages/2009_004191.jpg,~/projects/pascalvoc-training/dataset/pascalvoc/VOCdevkit/VOC2012/SegmentationClass/2009_004191.png
~/projects/pascalvoc-training/dataset/pascalvoc/VOCdevkit/VOC2012/JPEGImages/2009_004212.jpg,~/projects/pascalvoc-training/dataset/pascalvoc/VOCdevkit/VOC2012/SegmentationClass/2009_004212.png
~/projects/pascalvoc-training/dataset/pascalvoc/VOCdevkit/VOC2012/JPEGImages/2009_004213.jpg,~/projects/pascalvoc-training/dataset/pascalvoc/VOCdevkit/VOC2012/SegmentationClass/2009_004213.png
~/projects/pascalvoc-training/dataset/pascalvoc/VOCdevkit/VOC2012/JPEGImages/2009_004228.jpg,~/projects/pascalvoc-training/dataset/pascalvoc/VOCdevkit/VOC2012/SegmentationClass/2009_004228.png
~/projects/pascalvoc-training/dataset/pascalvoc/VOCdevkit/VOC2012/JPEGImages/2009_004249.jpg,~/projects/pascalvoc-training/dataset/pascalvoc/VOCdevkit/VOC2012/SegmentationClass/2009_004249.png
~/projects/pascalvoc-training/dataset/pascalvoc/VOCdevkit/VOC2012/JPEGImages/2009_004264.jpg,~/projects/pascalvoc-training/dataset/pascalvoc/VOCdevkit/VOC2012/SegmentationClass/2009_004264.png
~/projects/pascalvoc-training/dataset/pascalvoc/VOCdevkit/VOC2012/JPEGImages/2009_004278.jpg,~/projects/pascalvoc-training/dataset/pascalvoc/VOCdevkit/VOC2012/SegmentationClass/2009_004278.png
~/projects/pascalvoc-training/dataset/pascalvoc/VOCdevkit/VOC2012/JPEGImages/2009_004301.jpg,~/projects/pascalvoc-training/dataset/pascalvoc/VOCdevkit/VOC2012/SegmentationClass/2009_004301.png
~/projects/pascalvoc-training/dataset/pascalvoc/VOCdevkit/VOC2012/JPEGImages/2009_004316.jpg,~/projects/pascalvoc-training/dataset/pascalvoc/VOCdevkit/VOC2012/SegmentationClass/2009_004316.png
~/projects/pascalvoc-training/dataset/pascalvoc/VOCdevkit/VOC2012/JPEGImages/2009_004317.jpg,~/projects/pascalvoc-training/dataset/pascalvoc/VOCdevkit/VOC2012/SegmentationClass/2009_004317.png
~/projects/pascalvoc-training/dataset/pascalvoc/VOCdevkit/VOC2012/JPEGImages/2009_004327.jpg,~/projects/pascalvoc-training/dataset/pascalvoc/VOCdevkit/VOC2012/SegmentationClass/2009_004327.png
~/projects/pascalvoc-training/dataset/pascalvoc/VOCdevkit/VOC2012/JPEGImages/2009_004328.jpg,~/projects/pascalvoc-training/dataset/pascalvoc/VOCdevkit/VOC2012/SegmentationClass/2009_004328.png
~/projects/pascalvoc-training/dataset/pascalvoc/VOCdevkit/VOC2012/JPEGImages/2009_004334.jpg,~/projects/pascalvoc-training/dataset/pascalvoc/VOCdevkit/VOC2012/SegmentationClass/2009_004334.png
~/projects/pascalvoc-training/dataset/pascalvoc/VOCdevkit/VOC2012/JPEGImages/2009_004336.jpg,~/projects/pascalvoc-training/dataset/pascalvoc/VOCdevkit/VOC2012/SegmentationClass/2009_004336.png
~/projects/pascalvoc-training/dataset/pascalvoc/VOCdevkit/VOC2012/JPEGImages/2009_004368.jpg,~/projects/pascalvoc-training/dataset/pascalvoc/VOCdevkit/VOC2012/SegmentationClass/2009_004368.png
~/projects/pascalvoc-training/dataset/pascalvoc/VOCdevkit/VOC2012/JPEGImages/2009_004374.jpg,~/projects/pascalvoc-training/dataset/pascalvoc/VOCdevkit/VOC2012/SegmentationClass/2009_004374.png
~/projects/pascalvoc-training/dataset/pascalvoc/VOCdevkit/VOC2012/JPEGImages/2009_004409.jpg,~/projects/pascalvoc-training/dataset/pascalvoc/VOCdevkit/VOC2012/SegmentationClass/2009_004409.png
~/projects/pascalvoc-training/dataset/pascalvoc/VOCdevkit/VOC2012/JPEGImages/2009_004417.jpg,~/projects/pascalvoc-training/dataset/pascalvoc/VOCdevkit/VOC2012/SegmentationClass/2009_004417.png
~/projects/pascalvoc-training/dataset/pascalvoc/VOCdevkit/VOC2012/JPEGImages/2009_004425.jpg,~/projects/pascalvoc-training/dataset/pascalvoc/VOCdevkit/VOC2012/SegmentationClass/2009_004425.png
~/projects/pascalvoc-training/dataset/pascalvoc/VOCdevkit/VOC2012/JPEGImages/2009_004426.jpg,~/projects/pascalvoc-training/dataset/pascalvoc/VOCdevkit/VOC2012/SegmentationClass/2009_004426.png
~/projects/pascalvoc-training/dataset/pascalvoc/VOCdevkit/VOC2012/JPEGImages/2009_004434.jpg,~/projects/pascalvoc-training/dataset/pascalvoc/VOCdevkit/VOC2012/SegmentationClass/2009_004434.png
~/projects/pascalvoc-training/dataset/pascalvoc/VOCdevkit/VOC2012/JPEGImages/2009_004446.jpg,~/projects/pascalvoc-training/dataset/pascalvoc/VOCdevkit/VOC2012/SegmentationClass/2009_004446.png
~/projects/pascalvoc-training/dataset/pascalvoc/VOCdevkit/VOC2012/JPEGImages/2009_004464.jpg,~/projects/pascalvoc-training/dataset/pascalvoc/VOCdevkit/VOC2012/SegmentationClass/2009_004464.png
~/projects/pascalvoc-training/dataset/pascalvoc/VOCdevkit/VOC2012/JPEGImages/2009_004479.jpg,~/projects/pascalvoc-training/dataset/pascalvoc/VOCdevkit/VOC2012/SegmentationClass/2009_004479.png
~/projects/pascalvoc-training/dataset/pascalvoc/VOCdevkit/VOC2012/JPEGImages/2009_004519.jpg,~/projects/pascalvoc-training/dataset/pascalvoc/VOCdevkit/VOC2012/SegmentationClass/2009_004519.png
~/projects/pascalvoc-training/dataset/pascalvoc/VOCdevkit/VOC2012/JPEGImages/2009_004539.jpg,~/projects/pascalvoc-training/dataset/pascalvoc/VOCdevkit/VOC2012/SegmentationClass/2009_004539.png
~/projects/pascalvoc-training/dataset/pascalvoc/VOCdevkit/VOC2012/JPEGImages/2009_004561.jpg,~/projects/pascalvoc-training/dataset/pascalvoc/VOCdevkit/VOC2012/SegmentationClass/2009_004561.png
~/projects/pascalvoc-training/dataset/pascalvoc/VOCdevkit/VOC2012/JPEGImages/2009_004620.jpg,~/projects/pascalvoc-training/dataset/pascalvoc/VOCdevkit/VOC2012/SegmentationClass/2009_004620.png
~/projects/pascalvoc-training/dataset/pascalvoc/VOCdevkit/VOC2012/JPEGImages/2009_004626.jpg,~/projects/pascalvoc-training/dataset/pascalvoc/VOCdevkit/VOC2012/SegmentationClass/2009_004626.png
~/projects/pascalvoc-training/dataset/pascalvoc/VOCdevkit/VOC2012/JPEGImages/2009_004643.jpg,~/projects/pascalvoc-training/dataset/pascalvoc/VOCdevkit/VOC2012/SegmentationClass/2009_004643.png
~/projects/pascalvoc-training/dataset/pascalvoc/VOCdevkit/VOC2012/JPEGImages/2009_004656.jpg,~/projects/pascalvoc-training/dataset/pascalvoc/VOCdevkit/VOC2012/SegmentationClass/2009_004656.png
~/projects/pascalvoc-training/dataset/pascalvoc/VOCdevkit/VOC2012/JPEGImages/2009_004661.jpg,~/projects/pascalvoc-training/dataset/pascalvoc/VOCdevkit/VOC2012/SegmentationClass/2009_004661.png
~/projects/pascalvoc-training/dataset/pascalvoc/VOCdevkit/VOC2012/JPEGImages/2009_004674.jpg,~/projects/pascalvoc-training/dataset/pascalvoc/VOCdevkit/VOC2012/SegmentationClass/2009_004674.png
~/projects/pascalvoc-training/dataset/pascalvoc/VOCdevkit/VOC2012/JPEGImages/2009_004705.jpg,~/projects/pascalvoc-training/dataset/pascalvoc/VOCdevkit/VOC2012/SegmentationClass/2009_004705.png
~/projects/pascalvoc-training/dataset/pascalvoc/VOCdevkit/VOC2012/JPEGImages/2009_004790.jpg,~/projects/pascalvoc-training/dataset/pascalvoc/VOCdevkit/VOC2012/SegmentationClass/2009_004790.png
~/projects/pascalvoc-training/dataset/pascalvoc/VOCdevkit/VOC2012/JPEGImages/2009_004805.jpg,~/projects/pascalvoc-training/dataset/pascalvoc/VOCdevkit/VOC2012/SegmentationClass/2009_004805.png
~/projects/pascalvoc-training/dataset/pascalvoc/VOCdevkit/VOC2012/JPEGImages/2009_004829.jpg,~/projects/pascalvoc-training/dataset/pascalvoc/VOCdevkit/VOC2012/SegmentationClass/2009_004829.png
~/projects/pascalvoc-training/dataset/pascalvoc/VOCdevkit/VOC2012/JPEGImages/2009_004887.jpg,~/projects/pascalvoc-training/dataset/pascalvoc/VOCdevkit/VOC2012/SegmentationClass/2009_004887.png
~/projects/pascalvoc-training/dataset/pascalvoc/VOCdevkit/VOC2012/JPEGImages/2009_004888.jpg,~/projects/pascalvoc-training/dataset/pascalvoc/VOCdevkit/VOC2012/SegmentationClass/2009_004888.png
~/projects/pascalvoc-training/dataset/pascalvoc/VOCdevkit/VOC2012/JPEGImages/2009_004890.jpg,~/projects/pascalvoc-training/dataset/pascalvoc/VOCdevkit/VOC2012/SegmentationClass/2009_004890.png
~/projects/pascalvoc-training/dataset/pascalvoc/VOCdevkit/VOC2012/JPEGImages/2009_004901.jpg,~/projects/pascalvoc-training/dataset/pascalvoc/VOCdevkit/VOC2012/SegmentationClass/2009_004901.png
~/projects/pascalvoc-training/dataset/pascalvoc/VOCdevkit/VOC2012/JPEGImages/2009_004904.jpg,~/projects/pascalvoc-training/dataset/pascalvoc/VOCdevkit/VOC2012/SegmentationClass/2009_004904.png
~/projects/pascalvoc-training/dataset/pascalvoc/VOCdevkit/VOC2012/JPEGImages/2009_004919.jpg,~/projects/pascalvoc-training/dataset/pascalvoc/VOCdevkit/VOC2012/SegmentationClass/2009_004919.png
~/projects/pascalvoc-training/dataset/pascalvoc/VOCdevkit/VOC2012/JPEGImages/2009_004939.jpg,~/projects/pascalvoc-training/dataset/pascalvoc/VOCdevkit/VOC2012/SegmentationClass/2009_004939.png
~/projects/pascalvoc-training/dataset/pascalvoc/VOCdevkit/VOC2012/JPEGImages/2009_004980.jpg,~/projects/pascalvoc-training/dataset/pascalvoc/VOCdevkit/VOC2012/SegmentationClass/2009_004980.png
~/projects/pascalvoc-training/dataset/pascalvoc/VOCdevkit/VOC2012/JPEGImages/2009_004990.jpg,~/projects/pascalvoc-training/dataset/pascalvoc/VOCdevkit/VOC2012/SegmentationClass/2009_004990.png
~/projects/pascalvoc-training/dataset/pascalvoc/VOCdevkit/VOC2012/JPEGImages/2009_005000.jpg,~/projects/pascalvoc-training/dataset/pascalvoc/VOCdevkit/VOC2012/SegmentationClass/2009_005000.png
~/projects/pascalvoc-training/dataset/pascalvoc/VOCdevkit/VOC2012/JPEGImages/2009_005016.jpg,~/projects/pascalvoc-training/dataset/pascalvoc/VOCdevkit/VOC2012/SegmentationClass/2009_005016.png
~/projects/pascalvoc-training/dataset/pascalvoc/VOCdevkit/VOC2012/JPEGImages/2009_005031.jpg,~/projects/pascalvoc-training/dataset/pascalvoc/VOCdevkit/VOC2012/SegmentationClass/2009_005031.png
~/projects/pascalvoc-training/dataset/pascalvoc/VOCdevkit/VOC2012/JPEGImages/2009_005037.jpg,~/projects/pascalvoc-training/dataset/pascalvoc/VOCdevkit/VOC2012/SegmentationClass/2009_005037.png
~/projects/pascalvoc-training/dataset/pascalvoc/VOCdevkit/VOC2012/JPEGImages/2009_005055.jpg,~/projects/pascalvoc-training/dataset/pascalvoc/VOCdevkit/VOC2012/SegmentationClass/2009_005055.png
~/projects/pascalvoc-training/dataset/pascalvoc/VOCdevkit/VOC2012/JPEGImages/2009_005056.jpg,~/projects/pascalvoc-training/dataset/pascalvoc/VOCdevkit/VOC2012/SegmentationClass/2009_005056.png
~/projects/pascalvoc-training/dataset/pascalvoc/VOCdevkit/VOC2012/JPEGImages/2009_005069.jpg,~/projects/pascalvoc-training/dataset/pascalvoc/VOCdevkit/VOC2012/SegmentationClass/2009_005069.png
~/projects/pascalvoc-training/dataset/pascalvoc/VOCdevkit/VOC2012/JPEGImages/2009_005084.jpg,~/projects/pascalvoc-training/dataset/pascalvoc/VOCdevkit/VOC2012/SegmentationClass/2009_005084.png
~/projects/pascalvoc-training/dataset/pascalvoc/VOCdevkit/VOC2012/JPEGImages/2009_005085.jpg,~/projects/pascalvoc-training/dataset/pascalvoc/VOCdevkit/VOC2012/SegmentationClass/2009_005085.png
~/projects/pascalvoc-training/dataset/pascalvoc/VOCdevkit/VOC2012/JPEGImages/2009_005107.jpg,~/projects/pascalvoc-training/dataset/pascalvoc/VOCdevkit/VOC2012/SegmentationClass/2009_005107.png
~/projects/pascalvoc-training/dataset/pascalvoc/VOCdevkit/VOC2012/JPEGImages/2009_005118.jpg,~/projects/pascalvoc-training/dataset/pascalvoc/VOCdevkit/VOC2012/SegmentationClass/2009_005118.png
~/projects/pascalvoc-training/dataset/pascalvoc/VOCdevkit/VOC2012/JPEGImages/2009_005120.jpg,~/projects/pascalvoc-training/dataset/pascalvoc/VOCdevkit/VOC2012/SegmentationClass/2009_005120.png
~/projects/pascalvoc-training/dataset/pascalvoc/VOCdevkit/VOC2012/JPEGImages/2009_005128.jpg,~/projects/pascalvoc-training/dataset/pascalvoc/VOCdevkit/VOC2012/SegmentationClass/2009_005128.png
~/projects/pascalvoc-training/dataset/pascalvoc/VOCdevkit/VOC2012/JPEGImages/2009_005130.jpg,~/projects/pascalvoc-training/dataset/pascalvoc/VOCdevkit/VOC2012/SegmentationClass/2009_005130.png
~/projects/pascalvoc-training/dataset/pascalvoc/VOCdevkit/VOC2012/JPEGImages/2009_005141.jpg,~/projects/pascalvoc-training/dataset/pascalvoc/VOCdevkit/VOC2012/SegmentationClass/2009_005141.png
~/projects/pascalvoc-training/dataset/pascalvoc/VOCdevkit/VOC2012/JPEGImages/2009_005145.jpg,~/projects/pascalvoc-training/dataset/pascalvoc/VOCdevkit/VOC2012/SegmentationClass/2009_005145.png
~/projects/pascalvoc-training/dataset/pascalvoc/VOCdevkit/VOC2012/JPEGImages/2009_005160.jpg,~/projects/pascalvoc-training/dataset/pascalvoc/VOCdevkit/VOC2012/SegmentationClass/2009_005160.png
~/projects/pascalvoc-training/dataset/pascalvoc/VOCdevkit/VOC2012/JPEGImages/2009_005177.jpg,~/projects/pascalvoc-training/dataset/pascalvoc/VOCdevkit/VOC2012/SegmentationClass/2009_005177.png
~/projects/pascalvoc-training/dataset/pascalvoc/VOCdevkit/VOC2012/JPEGImages/2009_005194.jpg,~/projects/pascalvoc-training/dataset/pascalvoc/VOCdevkit/VOC2012/SegmentationClass/2009_005194.png
~/projects/pascalvoc-training/dataset/pascalvoc/VOCdevkit/VOC2012/JPEGImages/2009_005234.jpg,~/projects/pascalvoc-training/dataset/pascalvoc/VOCdevkit/VOC2012/SegmentationClass/2009_005234.png
~/projects/pascalvoc-training/dataset/pascalvoc/VOCdevkit/VOC2012/JPEGImages/2009_005236.jpg,~/projects/pascalvoc-training/dataset/pascalvoc/VOCdevkit/VOC2012/SegmentationClass/2009_005236.png
~/projects/pascalvoc-training/dataset/pascalvoc/VOCdevkit/VOC2012/JPEGImages/2009_005247.jpg,~/projects/pascalvoc-training/dataset/pascalvoc/VOCdevkit/VOC2012/SegmentationClass/2009_005247.png
~/projects/pascalvoc-training/dataset/pascalvoc/VOCdevkit/VOC2012/JPEGImages/2009_005269.jpg,~/projects/pascalvoc-training/dataset/pascalvoc/VOCdevkit/VOC2012/SegmentationClass/2009_005269.png
~/projects/pascalvoc-training/dataset/pascalvoc/VOCdevkit/VOC2012/JPEGImages/2009_005287.jpg,~/projects/pascalvoc-training/dataset/pascalvoc/VOCdevkit/VOC2012/SegmentationClass/2009_005287.png
~/projects/pascalvoc-training/dataset/pascalvoc/VOCdevkit/VOC2012/JPEGImages/2010_000002.jpg,~/projects/pascalvoc-training/dataset/pascalvoc/VOCdevkit/VOC2012/SegmentationClass/2010_000002.png
~/projects/pascalvoc-training/dataset/pascalvoc/VOCdevkit/VOC2012/JPEGImages/2010_000043.jpg,~/projects/pascalvoc-training/dataset/pascalvoc/VOCdevkit/VOC2012/SegmentationClass/2010_000043.png
~/projects/pascalvoc-training/dataset/pascalvoc/VOCdevkit/VOC2012/JPEGImages/2010_000063.jpg,~/projects/pascalvoc-training/dataset/pascalvoc/VOCdevkit/VOC2012/SegmentationClass/2010_000063.png
~/projects/pascalvoc-training/dataset/pascalvoc/VOCdevkit/VOC2012/JPEGImages/2010_000075.jpg,~/projects/pascalvoc-training/dataset/pascalvoc/VOCdevkit/VOC2012/SegmentationClass/2010_000075.png
~/projects/pascalvoc-training/dataset/pascalvoc/VOCdevkit/VOC2012/JPEGImages/2010_000076.jpg,~/projects/pascalvoc-training/dataset/pascalvoc/VOCdevkit/VOC2012/SegmentationClass/2010_000076.png
~/projects/pascalvoc-training/dataset/pascalvoc/VOCdevkit/VOC2012/JPEGImages/2010_000114.jpg,~/projects/pascalvoc-training/dataset/pascalvoc/VOCdevkit/VOC2012/SegmentationClass/2010_000114.png
~/projects/pascalvoc-training/dataset/pascalvoc/VOCdevkit/VOC2012/JPEGImages/2010_000117.jpg,~/projects/pascalvoc-training/dataset/pascalvoc/VOCdevkit/VOC2012/SegmentationClass/2010_000117.png
~/projects/pascalvoc-training/dataset/pascalvoc/VOCdevkit/VOC2012/JPEGImages/2010_000131.jpg,~/projects/pascalvoc-training/dataset/pascalvoc/VOCdevkit/VOC2012/SegmentationClass/2010_000131.png
~/projects/pascalvoc-training/dataset/pascalvoc/VOCdevkit/VOC2012/JPEGImages/2010_000132.jpg,~/projects/pascalvoc-training/dataset/pascalvoc/VOCdevkit/VOC2012/SegmentationClass/2010_000132.png
~/projects/pascalvoc-training/dataset/pascalvoc/VOCdevkit/VOC2012/JPEGImages/2010_000148.jpg,~/projects/pascalvoc-training/dataset/pascalvoc/VOCdevkit/VOC2012/SegmentationClass/2010_000148.png
~/projects/pascalvoc-training/dataset/pascalvoc/VOCdevkit/VOC2012/JPEGImages/2010_000187.jpg,~/projects/pascalvoc-training/dataset/pascalvoc/VOCdevkit/VOC2012/SegmentationClass/2010_000187.png
~/projects/pascalvoc-training/dataset/pascalvoc/VOCdevkit/VOC2012/JPEGImages/2010_000189.jpg,~/projects/pascalvoc-training/dataset/pascalvoc/VOCdevkit/VOC2012/SegmentationClass/2010_000189.png
~/projects/pascalvoc-training/dataset/pascalvoc/VOCdevkit/VOC2012/JPEGImages/2010_000195.jpg,~/projects/pascalvoc-training/dataset/pascalvoc/VOCdevkit/VOC2012/SegmentationClass/2010_000195.png
~/projects/pascalvoc-training/dataset/pascalvoc/VOCdevkit/VOC2012/JPEGImages/2010_000269.jpg,~/projects/pascalvoc-training/dataset/pascalvoc/VOCdevkit/VOC2012/SegmentationClass/2010_000269.png
~/projects/pascalvoc-training/dataset/pascalvoc/VOCdevkit/VOC2012/JPEGImages/2010_000285.jpg,~/projects/pascalvoc-training/dataset/pascalvoc/VOCdevkit/VOC2012/SegmentationClass/2010_000285.png
~/projects/pascalvoc-training/dataset/pascalvoc/VOCdevkit/VOC2012/JPEGImages/2010_000371.jpg,~/projects/pascalvoc-training/dataset/pascalvoc/VOCdevkit/VOC2012/SegmentationClass/2010_000371.png
~/projects/pascalvoc-training/dataset/pascalvoc/VOCdevkit/VOC2012/JPEGImages/2010_000392.jpg,~/projects/pascalvoc-training/dataset/pascalvoc/VOCdevkit/VOC2012/SegmentationClass/2010_000392.png
~/projects/pascalvoc-training/dataset/pascalvoc/VOCdevkit/VOC2012/JPEGImages/2010_000404.jpg,~/projects/pascalvoc-training/dataset/pascalvoc/VOCdevkit/VOC2012/SegmentationClass/2010_000404.png
~/projects/pascalvoc-training/dataset/pascalvoc/VOCdevkit/VOC2012/JPEGImages/2010_000436.jpg,~/projects/pascalvoc-training/dataset/pascalvoc/VOCdevkit/VOC2012/SegmentationClass/2010_000436.png
~/projects/pascalvoc-training/dataset/pascalvoc/VOCdevkit/VOC2012/JPEGImages/2010_000437.jpg,~/projects/pascalvoc-training/dataset/pascalvoc/VOCdevkit/VOC2012/SegmentationClass/2010_000437.png
~/projects/pascalvoc-training/dataset/pascalvoc/VOCdevkit/VOC2012/JPEGImages/2010_000466.jpg,~/projects/pascalvoc-training/dataset/pascalvoc/VOCdevkit/VOC2012/SegmentationClass/2010_000466.png
~/projects/pascalvoc-training/dataset/pascalvoc/VOCdevkit/VOC2012/JPEGImages/2010_000469.jpg,~/projects/pascalvoc-training/dataset/pascalvoc/VOCdevkit/VOC2012/SegmentationClass/2010_000469.png
~/projects/pascalvoc-training/dataset/pascalvoc/VOCdevkit/VOC2012/JPEGImages/2010_000492.jpg,~/projects/pascalvoc-training/dataset/pascalvoc/VOCdevkit/VOC2012/SegmentationClass/2010_000492.png
~/projects/pascalvoc-training/dataset/pascalvoc/VOCdevkit/VOC2012/JPEGImages/2010_000498.jpg,~/projects/pascalvoc-training/dataset/pascalvoc/VOCdevkit/VOC2012/SegmentationClass/2010_000498.png
~/projects/pascalvoc-training/dataset/pascalvoc/VOCdevkit/VOC2012/JPEGImages/2010_000503.jpg,~/projects/pascalvoc-training/dataset/pascalvoc/VOCdevkit/VOC2012/SegmentationClass/2010_000503.png
~/projects/pascalvoc-training/dataset/pascalvoc/VOCdevkit/VOC2012/JPEGImages/2010_000519.jpg,~/projects/pascalvoc-training/dataset/pascalvoc/VOCdevkit/VOC2012/SegmentationClass/2010_000519.png
~/projects/pascalvoc-training/dataset/pascalvoc/VOCdevkit/VOC2012/JPEGImages/2010_000567.jpg,~/projects/pascalvoc-training/dataset/pascalvoc/VOCdevkit/VOC2012/SegmentationClass/2010_000567.png
~/projects/pascalvoc-training/dataset/pascalvoc/VOCdevkit/VOC2012/JPEGImages/2010_000588.jpg,~/projects/pascalvoc-training/dataset/pascalvoc/VOCdevkit/VOC2012/SegmentationClass/2010_000588.png
~/projects/pascalvoc-training/dataset/pascalvoc/VOCdevkit/VOC2012/JPEGImages/2010_000632.jpg,~/projects/pascalvoc-training/dataset/pascalvoc/VOCdevkit/VOC2012/SegmentationClass/2010_000632.png
~/projects/pascalvoc-training/dataset/pascalvoc/VOCdevkit/VOC2012/JPEGImages/2010_000661.jpg,~/projects/pascalvoc-training/dataset/pascalvoc/VOCdevkit/VOC2012/SegmentationClass/2010_000661.png
~/projects/pascalvoc-training/dataset/pascalvoc/VOCdevkit/VOC2012/JPEGImages/2010_000675.jpg,~/projects/pascalvoc-training/dataset/pascalvoc/VOCdevkit/VOC2012/SegmentationClass/2010_000675.png
~/projects/pascalvoc-training/dataset/pascalvoc/VOCdevkit/VOC2012/JPEGImages/2010_000685.jpg,~/projects/pascalvoc-training/dataset/pascalvoc/VOCdevkit/VOC2012/SegmentationClass/2010_000685.png
~/projects/pascalvoc-training/dataset/pascalvoc/VOCdevkit/VOC2012/JPEGImages/2010_000746.jpg,~/projects/pascalvoc-training/dataset/pascalvoc/VOCdevkit/VOC2012/SegmentationClass/2010_000746.png
~/projects/pascalvoc-training/dataset/pascalvoc/VOCdevkit/VOC2012/JPEGImages/2010_000748.jpg,~/projects/pascalvoc-training/dataset/pascalvoc/VOCdevkit/VOC2012/SegmentationClass/2010_000748.png
~/projects/pascalvoc-training/dataset/pascalvoc/VOCdevkit/VOC2012/JPEGImages/2010_000772.jpg,~/projects/pascalvoc-training/dataset/pascalvoc/VOCdevkit/VOC2012/SegmentationClass/2010_000772.png
~/projects/pascalvoc-training/dataset/pascalvoc/VOCdevkit/VOC2012/JPEGImages/2010_000787.jpg,~/projects/pascalvoc-training/dataset/pascalvoc/VOCdevkit/VOC2012/SegmentationClass/2010_000787.png
~/projects/pascalvoc-training/dataset/pascalvoc/VOCdevkit/VOC2012/JPEGImages/2010_000810.jpg,~/projects/pascalvoc-training/dataset/pascalvoc/VOCdevkit/VOC2012/SegmentationClass/2010_000810.png
~/projects/pascalvoc-training/dataset/pascalvoc/VOCdevkit/VOC2012/JPEGImages/2010_000815.jpg,~/projects/pascalvoc-training/dataset/pascalvoc/VOCdevkit/VOC2012/SegmentationClass/2010_000815.png
~/projects/pascalvoc-training/dataset/pascalvoc/VOCdevkit/VOC2012/JPEGImages/2010_000847.jpg,~/projects/pascalvoc-training/dataset/pascalvoc/VOCdevkit/VOC2012/SegmentationClass/2010_000847.png
~/projects/pascalvoc-training/dataset/pascalvoc/VOCdevkit/VOC2012/JPEGImages/2010_000855.jpg,~/projects/pascalvoc-training/dataset/pascalvoc/VOCdevkit/VOC2012/SegmentationClass/2010_000855.png
~/projects/pascalvoc-training/dataset/pascalvoc/VOCdevkit/VOC2012/JPEGImages/2010_000885.jpg,~/projects/pascalvoc-training/dataset/pascalvoc/VOCdevkit/VOC2012/SegmentationClass/2010_000885.png
~/projects/pascalvoc-training/dataset/pascalvoc/VOCdevkit/VOC2012/JPEGImages/2010_000887.jpg,~/projects/pascalvoc-training/dataset/pascalvoc/VOCdevkit/VOC2012/SegmentationClass/2010_000887.png
~/projects/pascalvoc-training/dataset/pascalvoc/VOCdevkit/VOC2012/JPEGImages/2010_000978.jpg,~/projects/pascalvoc-training/dataset/pascalvoc/VOCdevkit/VOC2012/SegmentationClass/2010_000978.png
~/projects/pascalvoc-training/dataset/pascalvoc/VOCdevkit/VOC2012/JPEGImages/2010_000986.jpg,~/projects/pascalvoc-training/dataset/pascalvoc/VOCdevkit/VOC2012/SegmentationClass/2010_000986.png
~/projects/pascalvoc-training/dataset/pascalvoc/VOCdevkit/VOC2012/JPEGImages/2010_001043.jpg,~/projects/pascalvoc-training/dataset/pascalvoc/VOCdevkit/VOC2012/SegmentationClass/2010_001043.png
~/projects/pascalvoc-training/dataset/pascalvoc/VOCdevkit/VOC2012/JPEGImages/2010_001120.jpg,~/projects/pascalvoc-training/dataset/pascalvoc/VOCdevkit/VOC2012/SegmentationClass/2010_001120.png
~/projects/pascalvoc-training/dataset/pascalvoc/VOCdevkit/VOC2012/JPEGImages/2010_001131.jpg,~/projects/pascalvoc-training/dataset/pascalvoc/VOCdevkit/VOC2012/SegmentationClass/2010_001131.png
~/projects/pascalvoc-training/dataset/pascalvoc/VOCdevkit/VOC2012/JPEGImages/2010_001154.jpg,~/projects/pascalvoc-training/dataset/pascalvoc/VOCdevkit/VOC2012/SegmentationClass/2010_001154.png
~/projects/pascalvoc-training/dataset/pascalvoc/VOCdevkit/VOC2012/JPEGImages/2010_001160.jpg,~/projects/pascalvoc-training/dataset/pascalvoc/VOCdevkit/VOC2012/SegmentationClass/2010_001160.png
~/projects/pascalvoc-training/dataset/pascalvoc/VOCdevkit/VOC2012/JPEGImages/2010_001177.jpg,~/projects/pascalvoc-training/dataset/pascalvoc/VOCdevkit/VOC2012/SegmentationClass/2010_001177.png
~/projects/pascalvoc-training/dataset/pascalvoc/VOCdevkit/VOC2012/JPEGImages/2010_001183.jpg,~/projects/pascalvoc-training/dataset/pascalvoc/VOCdevkit/VOC2012/SegmentationClass/2010_001183.png
~/projects/pascalvoc-training/dataset/pascalvoc/VOCdevkit/VOC2012/JPEGImages/2010_001184.jpg,~/projects/pascalvoc-training/dataset/pascalvoc/VOCdevkit/VOC2012/SegmentationClass/2010_001184.png
~/projects/pascalvoc-training/dataset/pascalvoc/VOCdevkit/VOC2012/JPEGImages/2010_001195.jpg,~/projects/pascalvoc-training/dataset/pascalvoc/VOCdevkit/VOC2012/SegmentationClass/2010_001195.png
~/projects/pascalvoc-training/dataset/pascalvoc/VOCdevkit/VOC2012/JPEGImages/2010_001245.jpg,~/projects/pascalvoc-training/dataset/pascalvoc/VOCdevkit/VOC2012/SegmentationClass/2010_001245.png
~/projects/pascalvoc-training/dataset/pascalvoc/VOCdevkit/VOC2012/JPEGImages/2010_001247.jpg,~/projects/pascalvoc-training/dataset/pascalvoc/VOCdevkit/VOC2012/SegmentationClass/2010_001247.png
~/projects/pascalvoc-training/dataset/pascalvoc/VOCdevkit/VOC2012/JPEGImages/2010_001261.jpg,~/projects/pascalvoc-training/dataset/pascalvoc/VOCdevkit/VOC2012/SegmentationClass/2010_001261.png
~/projects/pascalvoc-training/dataset/pascalvoc/VOCdevkit/VOC2012/JPEGImages/2010_001273.jpg,~/projects/pascalvoc-training/dataset/pascalvoc/VOCdevkit/VOC2012/SegmentationClass/2010_001273.png
~/projects/pascalvoc-training/dataset/pascalvoc/VOCdevkit/VOC2012/JPEGImages/2010_001279.jpg,~/projects/pascalvoc-training/dataset/pascalvoc/VOCdevkit/VOC2012/SegmentationClass/2010_001279.png
~/projects/pascalvoc-training/dataset/pascalvoc/VOCdevkit/VOC2012/JPEGImages/2010_001282.jpg,~/projects/pascalvoc-training/dataset/pascalvoc/VOCdevkit/VOC2012/SegmentationClass/2010_001282.png
~/projects/pascalvoc-training/dataset/pascalvoc/VOCdevkit/VOC2012/JPEGImages/2010_001329.jpg,~/projects/pascalvoc-training/dataset/pascalvoc/VOCdevkit/VOC2012/SegmentationClass/2010_001329.png
~/projects/pascalvoc-training/dataset/pascalvoc/VOCdevkit/VOC2012/JPEGImages/2010_001347.jpg,~/projects/pascalvoc-training/dataset/pascalvoc/VOCdevkit/VOC2012/SegmentationClass/2010_001347.png
~/projects/pascalvoc-training/dataset/pascalvoc/VOCdevkit/VOC2012/JPEGImages/2010_001374.jpg,~/projects/pascalvoc-training/dataset/pascalvoc/VOCdevkit/VOC2012/SegmentationClass/2010_001374.png
~/projects/pascalvoc-training/dataset/pascalvoc/VOCdevkit/VOC2012/JPEGImages/2010_001386.jpg,~/projects/pascalvoc-training/dataset/pascalvoc/VOCdevkit/VOC2012/SegmentationClass/2010_001386.png
~/projects/pascalvoc-training/dataset/pascalvoc/VOCdevkit/VOC2012/JPEGImages/2010_001399.jpg,~/projects/pascalvoc-training/dataset/pascalvoc/VOCdevkit/VOC2012/SegmentationClass/2010_001399.png
~/projects/pascalvoc-training/dataset/pascalvoc/VOCdevkit/VOC2012/JPEGImages/2010_001413.jpg,~/projects/pascalvoc-training/dataset/pascalvoc/VOCdevkit/VOC2012/SegmentationClass/2010_001413.png
~/projects/pascalvoc-training/dataset/pascalvoc/VOCdevkit/VOC2012/JPEGImages/2010_001418.jpg,~/projects/pascalvoc-training/dataset/pascalvoc/VOCdevkit/VOC2012/SegmentationClass/2010_001418.png
~/projects/pascalvoc-training/dataset/pascalvoc/VOCdevkit/VOC2012/JPEGImages/2010_001422.jpg,~/projects/pascalvoc-training/dataset/pascalvoc/VOCdevkit/VOC2012/SegmentationClass/2010_001422.png
~/projects/pascalvoc-training/dataset/pascalvoc/VOCdevkit/VOC2012/JPEGImages/2010_001457.jpg,~/projects/pascalvoc-training/dataset/pascalvoc/VOCdevkit/VOC2012/SegmentationClass/2010_001457.png
~/projects/pascalvoc-training/dataset/pascalvoc/VOCdevkit/VOC2012/JPEGImages/2010_001514.jpg,~/projects/pascalvoc-training/dataset/pascalvoc/VOCdevkit/VOC2012/SegmentationClass/2010_001514.png
~/projects/pascalvoc-training/dataset/pascalvoc/VOCdevkit/VOC2012/JPEGImages/2010_001515.jpg,~/projects/pascalvoc-training/dataset/pascalvoc/VOCdevkit/VOC2012/SegmentationClass/2010_001515.png
~/projects/pascalvoc-training/dataset/pascalvoc/VOCdevkit/VOC2012/JPEGImages/2010_001561.jpg,~/projects/pascalvoc-training/dataset/pascalvoc/VOCdevkit/VOC2012/SegmentationClass/2010_001561.png
~/projects/pascalvoc-training/dataset/pascalvoc/VOCdevkit/VOC2012/JPEGImages/2010_001562.jpg,~/projects/pascalvoc-training/dataset/pascalvoc/VOCdevkit/VOC2012/SegmentationClass/2010_001562.png
~/projects/pascalvoc-training/dataset/pascalvoc/VOCdevkit/VOC2012/JPEGImages/2010_001576.jpg,~/projects/pascalvoc-training/dataset/pascalvoc/VOCdevkit/VOC2012/SegmentationClass/2010_001576.png
~/projects/pascalvoc-training/dataset/pascalvoc/VOCdevkit/VOC2012/JPEGImages/2010_001590.jpg,~/projects/pascalvoc-training/dataset/pascalvoc/VOCdevkit/VOC2012/SegmentationClass/2010_001590.png
~/projects/pascalvoc-training/dataset/pascalvoc/VOCdevkit/VOC2012/JPEGImages/2010_001595.jpg,~/projects/pascalvoc-training/dataset/pascalvoc/VOCdevkit/VOC2012/SegmentationClass/2010_001595.png
~/projects/pascalvoc-training/dataset/pascalvoc/VOCdevkit/VOC2012/JPEGImages/2010_001618.jpg,~/projects/pascalvoc-training/dataset/pascalvoc/VOCdevkit/VOC2012/SegmentationClass/2010_001618.png
~/projects/pascalvoc-training/dataset/pascalvoc/VOCdevkit/VOC2012/JPEGImages/2010_001619.jpg,~/projects/pascalvoc-training/dataset/pascalvoc/VOCdevkit/VOC2012/SegmentationClass/2010_001619.png
~/projects/pascalvoc-training/dataset/pascalvoc/VOCdevkit/VOC2012/JPEGImages/2010_001630.jpg,~/projects/pascalvoc-training/dataset/pascalvoc/VOCdevkit/VOC2012/SegmentationClass/2010_001630.png
~/projects/pascalvoc-training/dataset/pascalvoc/VOCdevkit/VOC2012/JPEGImages/2010_001660.jpg,~/projects/pascalvoc-training/dataset/pascalvoc/VOCdevkit/VOC2012/SegmentationClass/2010_001660.png
~/projects/pascalvoc-training/dataset/pascalvoc/VOCdevkit/VOC2012/JPEGImages/2010_001676.jpg,~/projects/pascalvoc-training/dataset/pascalvoc/VOCdevkit/VOC2012/SegmentationClass/2010_001676.png
~/projects/pascalvoc-training/dataset/pascalvoc/VOCdevkit/VOC2012/JPEGImages/2010_001706.jpg,~/projects/pascalvoc-training/dataset/pascalvoc/VOCdevkit/VOC2012/SegmentationClass/2010_001706.png
~/projects/pascalvoc-training/dataset/pascalvoc/VOCdevkit/VOC2012/JPEGImages/2010_001732.jpg,~/projects/pascalvoc-training/dataset/pascalvoc/VOCdevkit/VOC2012/SegmentationClass/2010_001732.png
~/projects/pascalvoc-training/dataset/pascalvoc/VOCdevkit/VOC2012/JPEGImages/2010_001748.jpg,~/projects/pascalvoc-training/dataset/pascalvoc/VOCdevkit/VOC2012/SegmentationClass/2010_001748.png
~/projects/pascalvoc-training/dataset/pascalvoc/VOCdevkit/VOC2012/JPEGImages/2010_001807.jpg,~/projects/pascalvoc-training/dataset/pascalvoc/VOCdevkit/VOC2012/SegmentationClass/2010_001807.png
~/projects/pascalvoc-training/dataset/pascalvoc/VOCdevkit/VOC2012/JPEGImages/2010_001842.jpg,~/projects/pascalvoc-training/dataset/pascalvoc/VOCdevkit/VOC2012/SegmentationClass/2010_001842.png
~/projects/pascalvoc-training/dataset/pascalvoc/VOCdevkit/VOC2012/JPEGImages/2010_001849.jpg,~/projects/pascalvoc-training/dataset/pascalvoc/VOCdevkit/VOC2012/SegmentationClass/2010_001849.png
~/projects/pascalvoc-training/dataset/pascalvoc/VOCdevkit/VOC2012/JPEGImages/2010_001850.jpg,~/projects/pascalvoc-training/dataset/pascalvoc/VOCdevkit/VOC2012/SegmentationClass/2010_001850.png
~/projects/pascalvoc-training/dataset/pascalvoc/VOCdevkit/VOC2012/JPEGImages/2010_001852.jpg,~/projects/pascalvoc-training/dataset/pascalvoc/VOCdevkit/VOC2012/SegmentationClass/2010_001852.png
~/projects/pascalvoc-training/dataset/pascalvoc/VOCdevkit/VOC2012/JPEGImages/2010_001860.jpg,~/projects/pascalvoc-training/dataset/pascalvoc/VOCdevkit/VOC2012/SegmentationClass/2010_001860.png
~/projects/pascalvoc-training/dataset/pascalvoc/VOCdevkit/VOC2012/JPEGImages/2010_001922.jpg,~/projects/pascalvoc-training/dataset/pascalvoc/VOCdevkit/VOC2012/SegmentationClass/2010_001922.png
~/projects/pascalvoc-training/dataset/pascalvoc/VOCdevkit/VOC2012/JPEGImages/2010_001923.jpg,~/projects/pascalvoc-training/dataset/pascalvoc/VOCdevkit/VOC2012/SegmentationClass/2010_001923.png
~/projects/pascalvoc-training/dataset/pascalvoc/VOCdevkit/VOC2012/JPEGImages/2010_001933.jpg,~/projects/pascalvoc-training/dataset/pascalvoc/VOCdevkit/VOC2012/SegmentationClass/2010_001933.png
~/projects/pascalvoc-training/dataset/pascalvoc/VOCdevkit/VOC2012/JPEGImages/2010_001939.jpg,~/projects/pascalvoc-training/dataset/pascalvoc/VOCdevkit/VOC2012/SegmentationClass/2010_001939.png
~/projects/pascalvoc-training/dataset/pascalvoc/VOCdevkit/VOC2012/JPEGImages/2010_001944.jpg,~/projects/pascalvoc-training/dataset/pascalvoc/VOCdevkit/VOC2012/SegmentationClass/2010_001944.png
~/projects/pascalvoc-training/dataset/pascalvoc/VOCdevkit/VOC2012/JPEGImages/2010_002018.jpg,~/projects/pascalvoc-training/dataset/pascalvoc/VOCdevkit/VOC2012/SegmentationClass/2010_002018.png
~/projects/pascalvoc-training/dataset/pascalvoc/VOCdevkit/VOC2012/JPEGImages/2010_002020.jpg,~/projects/pascalvoc-training/dataset/pascalvoc/VOCdevkit/VOC2012/SegmentationClass/2010_002020.png
~/projects/pascalvoc-training/dataset/pascalvoc/VOCdevkit/VOC2012/JPEGImages/2010_002032.jpg,~/projects/pascalvoc-training/dataset/pascalvoc/VOCdevkit/VOC2012/SegmentationClass/2010_002032.png
~/projects/pascalvoc-training/dataset/pascalvoc/VOCdevkit/VOC2012/JPEGImages/2010_002039.jpg,~/projects/pascalvoc-training/dataset/pascalvoc/VOCdevkit/VOC2012/SegmentationClass/2010_002039.png
~/projects/pascalvoc-training/dataset/pascalvoc/VOCdevkit/VOC2012/JPEGImages/2010_002047.jpg,~/projects/pascalvoc-training/dataset/pascalvoc/VOCdevkit/VOC2012/SegmentationClass/2010_002047.png
~/projects/pascalvoc-training/dataset/pascalvoc/VOCdevkit/VOC2012/JPEGImages/2010_002054.jpg,~/projects/pascalvoc-training/dataset/pascalvoc/VOCdevkit/VOC2012/SegmentationClass/2010_002054.png
~/projects/pascalvoc-training/dataset/pascalvoc/VOCdevkit/VOC2012/JPEGImages/2010_002055.jpg,~/projects/pascalvoc-training/dataset/pascalvoc/VOCdevkit/VOC2012/SegmentationClass/2010_002055.png
~/projects/pascalvoc-training/dataset/pascalvoc/VOCdevkit/VOC2012/JPEGImages/2010_002070.jpg,~/projects/pascalvoc-training/dataset/pascalvoc/VOCdevkit/VOC2012/SegmentationClass/2010_002070.png
~/projects/pascalvoc-training/dataset/pascalvoc/VOCdevkit/VOC2012/JPEGImages/2010_002097.jpg,~/projects/pascalvoc-training/dataset/pascalvoc/VOCdevkit/VOC2012/SegmentationClass/2010_002097.png
~/projects/pascalvoc-training/dataset/pascalvoc/VOCdevkit/VOC2012/JPEGImages/2010_002107.jpg,~/projects/pascalvoc-training/dataset/pascalvoc/VOCdevkit/VOC2012/SegmentationClass/2010_002107.png
~/projects/pascalvoc-training/dataset/pascalvoc/VOCdevkit/VOC2012/JPEGImages/2010_002139.jpg,~/projects/pascalvoc-training/dataset/pascalvoc/VOCdevkit/VOC2012/SegmentationClass/2010_002139.png
~/projects/pascalvoc-training/dataset/pascalvoc/VOCdevkit/VOC2012/JPEGImages/2010_002154.jpg,~/projects/pascalvoc-training/dataset/pascalvoc/VOCdevkit/VOC2012/SegmentationClass/2010_002154.png
~/projects/pascalvoc-training/dataset/pascalvoc/VOCdevkit/VOC2012/JPEGImages/2010_002166.jpg,~/projects/pascalvoc-training/dataset/pascalvoc/VOCdevkit/VOC2012/SegmentationClass/2010_002166.png
~/projects/pascalvoc-training/dataset/pascalvoc/VOCdevkit/VOC2012/JPEGImages/2010_002203.jpg,~/projects/pascalvoc-training/dataset/pascalvoc/VOCdevkit/VOC2012/SegmentationClass/2010_002203.png
~/projects/pascalvoc-training/dataset/pascalvoc/VOCdevkit/VOC2012/JPEGImages/2010_002218.jpg,~/projects/pascalvoc-training/dataset/pascalvoc/VOCdevkit/VOC2012/SegmentationClass/2010_002218.png
~/projects/pascalvoc-training/dataset/pascalvoc/VOCdevkit/VOC2012/JPEGImages/2010_002236.jpg,~/projects/pascalvoc-training/dataset/pascalvoc/VOCdevkit/VOC2012/SegmentationClass/2010_002236.png
~/projects/pascalvoc-training/dataset/pascalvoc/VOCdevkit/VOC2012/JPEGImages/2010_002254.jpg,~/projects/pascalvoc-training/dataset/pascalvoc/VOCdevkit/VOC2012/SegmentationClass/2010_002254.png
~/projects/pascalvoc-training/dataset/pascalvoc/VOCdevkit/VOC2012/JPEGImages/2010_002286.jpg,~/projects/pascalvoc-training/dataset/pascalvoc/VOCdevkit/VOC2012/SegmentationClass/2010_002286.png
~/projects/pascalvoc-training/dataset/pascalvoc/VOCdevkit/VOC2012/JPEGImages/2010_002338.jpg,~/projects/pascalvoc-training/dataset/pascalvoc/VOCdevkit/VOC2012/SegmentationClass/2010_002338.png
~/projects/pascalvoc-training/dataset/pascalvoc/VOCdevkit/VOC2012/JPEGImages/2010_002363.jpg,~/projects/pascalvoc-training/dataset/pascalvoc/VOCdevkit/VOC2012/SegmentationClass/2010_002363.png
~/projects/pascalvoc-training/dataset/pascalvoc/VOCdevkit/VOC2012/JPEGImages/2010_002379.jpg,~/projects/pascalvoc-training/dataset/pascalvoc/VOCdevkit/VOC2012/SegmentationClass/2010_002379.png
~/projects/pascalvoc-training/dataset/pascalvoc/VOCdevkit/VOC2012/JPEGImages/2010_002382.jpg,~/projects/pascalvoc-training/dataset/pascalvoc/VOCdevkit/VOC2012/SegmentationClass/2010_002382.png
~/projects/pascalvoc-training/dataset/pascalvoc/VOCdevkit/VOC2012/JPEGImages/2010_002387.jpg,~/projects/pascalvoc-training/dataset/pascalvoc/VOCdevkit/VOC2012/SegmentationClass/2010_002387.png
~/projects/pascalvoc-training/dataset/pascalvoc/VOCdevkit/VOC2012/JPEGImages/2010_002413.jpg,~/projects/pascalvoc-training/dataset/pascalvoc/VOCdevkit/VOC2012/SegmentationClass/2010_002413.png
~/projects/pascalvoc-training/dataset/pascalvoc/VOCdevkit/VOC2012/JPEGImages/2010_002418.jpg,~/projects/pascalvoc-training/dataset/pascalvoc/VOCdevkit/VOC2012/SegmentationClass/2010_002418.png
~/projects/pascalvoc-training/dataset/pascalvoc/VOCdevkit/VOC2012/JPEGImages/2010_002440.jpg,~/projects/pascalvoc-training/dataset/pascalvoc/VOCdevkit/VOC2012/SegmentationClass/2010_002440.png
~/projects/pascalvoc-training/dataset/pascalvoc/VOCdevkit/VOC2012/JPEGImages/2010_002455.jpg,~/projects/pascalvoc-training/dataset/pascalvoc/VOCdevkit/VOC2012/SegmentationClass/2010_002455.png
~/projects/pascalvoc-training/dataset/pascalvoc/VOCdevkit/VOC2012/JPEGImages/2010_002457.jpg,~/projects/pascalvoc-training/dataset/pascalvoc/VOCdevkit/VOC2012/SegmentationClass/2010_002457.png
~/projects/pascalvoc-training/dataset/pascalvoc/VOCdevkit/VOC2012/JPEGImages/2010_002499.jpg,~/projects/pascalvoc-training/dataset/pascalvoc/VOCdevkit/VOC2012/SegmentationClass/2010_002499.png
~/projects/pascalvoc-training/dataset/pascalvoc/VOCdevkit/VOC2012/JPEGImages/2010_002527.jpg,~/projects/pascalvoc-training/dataset/pascalvoc/VOCdevkit/VOC2012/SegmentationClass/2010_002527.png
~/projects/pascalvoc-training/dataset/pascalvoc/VOCdevkit/VOC2012/JPEGImages/2010_002532.jpg,~/projects/pascalvoc-training/dataset/pascalvoc/VOCdevkit/VOC2012/SegmentationClass/2010_002532.png
~/projects/pascalvoc-training/dataset/pascalvoc/VOCdevkit/VOC2012/JPEGImages/2010_002551.jpg,~/projects/pascalvoc-training/dataset/pascalvoc/VOCdevkit/VOC2012/SegmentationClass/2010_002551.png
~/projects/pascalvoc-training/dataset/pascalvoc/VOCdevkit/VOC2012/JPEGImages/2010_002556.jpg,~/projects/pascalvoc-training/dataset/pascalvoc/VOCdevkit/VOC2012/SegmentationClass/2010_002556.png
~/projects/pascalvoc-training/dataset/pascalvoc/VOCdevkit/VOC2012/JPEGImages/2010_002570.jpg,~/projects/pascalvoc-training/dataset/pascalvoc/VOCdevkit/VOC2012/SegmentationClass/2010_002570.png
~/projects/pascalvoc-training/dataset/pascalvoc/VOCdevkit/VOC2012/JPEGImages/2010_002573.jpg,~/projects/pascalvoc-training/dataset/pascalvoc/VOCdevkit/VOC2012/SegmentationClass/2010_002573.png
~/projects/pascalvoc-training/dataset/pascalvoc/VOCdevkit/VOC2012/JPEGImages/2010_002625.jpg,~/projects/pascalvoc-training/dataset/pascalvoc/VOCdevkit/VOC2012/SegmentationClass/2010_002625.png
~/projects/pascalvoc-training/dataset/pascalvoc/VOCdevkit/VOC2012/JPEGImages/2010_002659.jpg,~/projects/pascalvoc-training/dataset/pascalvoc/VOCdevkit/VOC2012/SegmentationClass/2010_002659.png
~/projects/pascalvoc-training/dataset/pascalvoc/VOCdevkit/VOC2012/JPEGImages/2010_002697.jpg,~/projects/pascalvoc-training/dataset/pascalvoc/VOCdevkit/VOC2012/SegmentationClass/2010_002697.png
~/projects/pascalvoc-training/dataset/pascalvoc/VOCdevkit/VOC2012/JPEGImages/2010_002720.jpg,~/projects/pascalvoc-training/dataset/pascalvoc/VOCdevkit/VOC2012/SegmentationClass/2010_002720.png
~/projects/pascalvoc-training/dataset/pascalvoc/VOCdevkit/VOC2012/JPEGImages/2010_002733.jpg,~/projects/pascalvoc-training/dataset/pascalvoc/VOCdevkit/VOC2012/SegmentationClass/2010_002733.png
~/projects/pascalvoc-training/dataset/pascalvoc/VOCdevkit/VOC2012/JPEGImages/2010_002750.jpg,~/projects/pascalvoc-training/dataset/pascalvoc/VOCdevkit/VOC2012/SegmentationClass/2010_002750.png
~/projects/pascalvoc-training/dataset/pascalvoc/VOCdevkit/VOC2012/JPEGImages/2010_002778.jpg,~/projects/pascalvoc-training/dataset/pascalvoc/VOCdevkit/VOC2012/SegmentationClass/2010_002778.png
~/projects/pascalvoc-training/dataset/pascalvoc/VOCdevkit/VOC2012/JPEGImages/2010_002786.jpg,~/projects/pascalvoc-training/dataset/pascalvoc/VOCdevkit/VOC2012/SegmentationClass/2010_002786.png
~/projects/pascalvoc-training/dataset/pascalvoc/VOCdevkit/VOC2012/JPEGImages/2010_002794.jpg,~/projects/pascalvoc-training/dataset/pascalvoc/VOCdevkit/VOC2012/SegmentationClass/2010_002794.png
~/projects/pascalvoc-training/dataset/pascalvoc/VOCdevkit/VOC2012/JPEGImages/2010_002811.jpg,~/projects/pascalvoc-training/dataset/pascalvoc/VOCdevkit/VOC2012/SegmentationClass/2010_002811.png
~/projects/pascalvoc-training/dataset/pascalvoc/VOCdevkit/VOC2012/JPEGImages/2010_002815.jpg,~/projects/pascalvoc-training/dataset/pascalvoc/VOCdevkit/VOC2012/SegmentationClass/2010_002815.png
~/projects/pascalvoc-training/dataset/pascalvoc/VOCdevkit/VOC2012/JPEGImages/2010_002838.jpg,~/projects/pascalvoc-training/dataset/pascalvoc/VOCdevkit/VOC2012/SegmentationClass/2010_002838.png
~/projects/pascalvoc-training/dataset/pascalvoc/VOCdevkit/VOC2012/JPEGImages/2010_002856.jpg,~/projects/pascalvoc-training/dataset/pascalvoc/VOCdevkit/VOC2012/SegmentationClass/2010_002856.png
~/projects/pascalvoc-training/dataset/pascalvoc/VOCdevkit/VOC2012/JPEGImages/2010_002870.jpg,~/projects/pascalvoc-training/dataset/pascalvoc/VOCdevkit/VOC2012/SegmentationClass/2010_002870.png
~/projects/pascalvoc-training/dataset/pascalvoc/VOCdevkit/VOC2012/JPEGImages/2010_002892.jpg,~/projects/pascalvoc-training/dataset/pascalvoc/VOCdevkit/VOC2012/SegmentationClass/2010_002892.png
~/projects/pascalvoc-training/dataset/pascalvoc/VOCdevkit/VOC2012/JPEGImages/2010_002907.jpg,~/projects/pascalvoc-training/dataset/pascalvoc/VOCdevkit/VOC2012/SegmentationClass/2010_002907.png
~/projects/pascalvoc-training/dataset/pascalvoc/VOCdevkit/VOC2012/JPEGImages/2010_002935.jpg,~/projects/pascalvoc-training/dataset/pascalvoc/VOCdevkit/VOC2012/SegmentationClass/2010_002935.png
~/projects/pascalvoc-training/dataset/pascalvoc/VOCdevkit/VOC2012/JPEGImages/2010_002937.jpg,~/projects/pascalvoc-training/dataset/pascalvoc/VOCdevkit/VOC2012/SegmentationClass/2010_002937.png
~/projects/pascalvoc-training/dataset/pascalvoc/VOCdevkit/VOC2012/JPEGImages/2010_002938.jpg,~/projects/pascalvoc-training/dataset/pascalvoc/VOCdevkit/VOC2012/SegmentationClass/2010_002938.png
~/projects/pascalvoc-training/dataset/pascalvoc/VOCdevkit/VOC2012/JPEGImages/2010_002962.jpg,~/projects/pascalvoc-training/dataset/pascalvoc/VOCdevkit/VOC2012/SegmentationClass/2010_002962.png
~/projects/pascalvoc-training/dataset/pascalvoc/VOCdevkit/VOC2012/JPEGImages/2010_002973.jpg,~/projects/pascalvoc-training/dataset/pascalvoc/VOCdevkit/VOC2012/SegmentationClass/2010_002973.png
~/projects/pascalvoc-training/dataset/pascalvoc/VOCdevkit/VOC2012/JPEGImages/2010_003010.jpg,~/projects/pascalvoc-training/dataset/pascalvoc/VOCdevkit/VOC2012/SegmentationClass/2010_003010.png
~/projects/pascalvoc-training/dataset/pascalvoc/VOCdevkit/VOC2012/JPEGImages/2010_003017.jpg,~/projects/pascalvoc-training/dataset/pascalvoc/VOCdevkit/VOC2012/SegmentationClass/2010_003017.png
~/projects/pascalvoc-training/dataset/pascalvoc/VOCdevkit/VOC2012/JPEGImages/2010_003062.jpg,~/projects/pascalvoc-training/dataset/pascalvoc/VOCdevkit/VOC2012/SegmentationClass/2010_003062.png
~/projects/pascalvoc-training/dataset/pascalvoc/VOCdevkit/VOC2012/JPEGImages/2010_003088.jpg,~/projects/pascalvoc-training/dataset/pascalvoc/VOCdevkit/VOC2012/SegmentationClass/2010_003088.png
~/projects/pascalvoc-training/dataset/pascalvoc/VOCdevkit/VOC2012/JPEGImages/2010_003093.jpg,~/projects/pascalvoc-training/dataset/pascalvoc/VOCdevkit/VOC2012/SegmentationClass/2010_003093.png
~/projects/pascalvoc-training/dataset/pascalvoc/VOCdevkit/VOC2012/JPEGImages/2010_003097.jpg,~/projects/pascalvoc-training/dataset/pascalvoc/VOCdevkit/VOC2012/SegmentationClass/2010_003097.png
~/projects/pascalvoc-training/dataset/pascalvoc/VOCdevkit/VOC2012/JPEGImages/2010_003114.jpg,~/projects/pascalvoc-training/dataset/pascalvoc/VOCdevkit/VOC2012/SegmentationClass/2010_003114.png
~/projects/pascalvoc-training/dataset/pascalvoc/VOCdevkit/VOC2012/JPEGImages/2010_003119.jpg,~/projects/pascalvoc-training/dataset/pascalvoc/VOCdevkit/VOC2012/SegmentationClass/2010_003119.png
~/projects/pascalvoc-training/dataset/pascalvoc/VOCdevkit/VOC2012/JPEGImages/2010_003153.jpg,~/projects/pascalvoc-training/dataset/pascalvoc/VOCdevkit/VOC2012/SegmentationClass/2010_003153.png
~/projects/pascalvoc-training/dataset/pascalvoc/VOCdevkit/VOC2012/JPEGImages/2010_003157.jpg,~/projects/pascalvoc-training/dataset/pascalvoc/VOCdevkit/VOC2012/SegmentationClass/2010_003157.png
~/projects/pascalvoc-training/dataset/pascalvoc/VOCdevkit/VOC2012/JPEGImages/2010_003170.jpg,~/projects/pascalvoc-training/dataset/pascalvoc/VOCdevkit/VOC2012/SegmentationClass/2010_003170.png
~/projects/pascalvoc-training/dataset/pascalvoc/VOCdevkit/VOC2012/JPEGImages/2010_003174.jpg,~/projects/pascalvoc-training/dataset/pascalvoc/VOCdevkit/VOC2012/SegmentationClass/2010_003174.png
~/projects/pascalvoc-training/dataset/pascalvoc/VOCdevkit/VOC2012/JPEGImages/2010_003203.jpg,~/projects/pascalvoc-training/dataset/pascalvoc/VOCdevkit/VOC2012/SegmentationClass/2010_003203.png
~/projects/pascalvoc-training/dataset/pascalvoc/VOCdevkit/VOC2012/JPEGImages/2010_003230.jpg,~/projects/pascalvoc-training/dataset/pascalvoc/VOCdevkit/VOC2012/SegmentationClass/2010_003230.png
~/projects/pascalvoc-training/dataset/pascalvoc/VOCdevkit/VOC2012/JPEGImages/2010_003250.jpg,~/projects/pascalvoc-training/dataset/pascalvoc/VOCdevkit/VOC2012/SegmentationClass/2010_003250.png
~/projects/pascalvoc-training/dataset/pascalvoc/VOCdevkit/VOC2012/JPEGImages/2010_003252.jpg,~/projects/pascalvoc-training/dataset/pascalvoc/VOCdevkit/VOC2012/SegmentationClass/2010_003252.png
~/projects/pascalvoc-training/dataset/pascalvoc/VOCdevkit/VOC2012/JPEGImages/2010_003269.jpg,~/projects/pascalvoc-training/dataset/pascalvoc/VOCdevkit/VOC2012/SegmentationClass/2010_003269.png
~/projects/pascalvoc-training/dataset/pascalvoc/VOCdevkit/VOC2012/JPEGImages/2010_003274.jpg,~/projects/pascalvoc-training/dataset/pascalvoc/VOCdevkit/VOC2012/SegmentationClass/2010_003274.png
~/projects/pascalvoc-training/dataset/pascalvoc/VOCdevkit/VOC2012/JPEGImages/2010_003342.jpg,~/projects/pascalvoc-training/dataset/pascalvoc/VOCdevkit/VOC2012/SegmentationClass/2010_003342.png
~/projects/pascalvoc-training/dataset/pascalvoc/VOCdevkit/VOC2012/JPEGImages/2010_003345.jpg,~/projects/pascalvoc-training/dataset/pascalvoc/VOCdevkit/VOC2012/SegmentationClass/2010_003345.png
~/projects/pascalvoc-training/dataset/pascalvoc/VOCdevkit/VOC2012/JPEGImages/2010_003380.jpg,~/projects/pascalvoc-training/dataset/pascalvoc/VOCdevkit/VOC2012/SegmentationClass/2010_003380.png
~/projects/pascalvoc-training/dataset/pascalvoc/VOCdevkit/VOC2012/JPEGImages/2010_003383.jpg,~/projects/pascalvoc-training/dataset/pascalvoc/VOCdevkit/VOC2012/SegmentationClass/2010_003383.png
~/projects/pascalvoc-training/dataset/pascalvoc/VOCdevkit/VOC2012/JPEGImages/2010_003384.jpg,~/projects/pascalvoc-training/dataset/pascalvoc/VOCdevkit/VOC2012/SegmentationClass/2010_003384.png
~/projects/pascalvoc-training/dataset/pascalvoc/VOCdevkit/VOC2012/JPEGImages/2010_003529.jpg,~/projects/pascalvoc-training/dataset/pascalvoc/VOCdevkit/VOC2012/SegmentationClass/2010_003529.png
~/projects/pascalvoc-training/dataset/pascalvoc/VOCdevkit/VOC2012/JPEGImages/2010_003534.jpg,~/projects/pascalvoc-training/dataset/pascalvoc/VOCdevkit/VOC2012/SegmentationClass/2010_003534.png
~/projects/pascalvoc-training/dataset/pascalvoc/VOCdevkit/VOC2012/JPEGImages/2010_003599.jpg,~/projects/pascalvoc-training/dataset/pascalvoc/VOCdevkit/VOC2012/SegmentationClass/2010_003599.png
~/projects/pascalvoc-training/dataset/pascalvoc/VOCdevkit/VOC2012/JPEGImages/2010_003634.jpg,~/projects/pascalvoc-training/dataset/pascalvoc/VOCdevkit/VOC2012/SegmentationClass/2010_003634.png
~/projects/pascalvoc-training/dataset/pascalvoc/VOCdevkit/VOC2012/JPEGImages/2010_003651.jpg,~/projects/pascalvoc-training/dataset/pascalvoc/VOCdevkit/VOC2012/SegmentationClass/2010_003651.png
~/projects/pascalvoc-training/dataset/pascalvoc/VOCdevkit/VOC2012/JPEGImages/2010_003665.jpg,~/projects/pascalvoc-training/dataset/pascalvoc/VOCdevkit/VOC2012/SegmentationClass/2010_003665.png
~/projects/pascalvoc-training/dataset/pascalvoc/VOCdevkit/VOC2012/JPEGImages/2010_003670.jpg,~/projects/pascalvoc-training/dataset/pascalvoc/VOCdevkit/VOC2012/SegmentationClass/2010_003670.png
~/projects/pascalvoc-training/dataset/pascalvoc/VOCdevkit/VOC2012/JPEGImages/2010_003680.jpg,~/projects/pascalvoc-training/dataset/pascalvoc/VOCdevkit/VOC2012/SegmentationClass/2010_003680.png
~/projects/pascalvoc-training/dataset/pascalvoc/VOCdevkit/VOC2012/JPEGImages/2010_003696.jpg,~/projects/pascalvoc-training/dataset/pascalvoc/VOCdevkit/VOC2012/SegmentationClass/2010_003696.png
~/projects/pascalvoc-training/dataset/pascalvoc/VOCdevkit/VOC2012/JPEGImages/2010_003717.jpg,~/projects/pascalvoc-training/dataset/pascalvoc/VOCdevkit/VOC2012/SegmentationClass/2010_003717.png
~/projects/pascalvoc-training/dataset/pascalvoc/VOCdevkit/VOC2012/JPEGImages/2010_003737.jpg,~/projects/pascalvoc-training/dataset/pascalvoc/VOCdevkit/VOC2012/SegmentationClass/2010_003737.png
~/projects/pascalvoc-training/dataset/pascalvoc/VOCdevkit/VOC2012/JPEGImages/2010_003798.jpg,~/projects/pascalvoc-training/dataset/pascalvoc/VOCdevkit/VOC2012/SegmentationClass/2010_003798.png
~/projects/pascalvoc-training/dataset/pascalvoc/VOCdevkit/VOC2012/JPEGImages/2010_003799.jpg,~/projects/pascalvoc-training/dataset/pascalvoc/VOCdevkit/VOC2012/SegmentationClass/2010_003799.png
~/projects/pascalvoc-training/dataset/pascalvoc/VOCdevkit/VOC2012/JPEGImages/2010_003884.jpg,~/projects/pascalvoc-training/dataset/pascalvoc/VOCdevkit/VOC2012/SegmentationClass/2010_003884.png
~/projects/pascalvoc-training/dataset/pascalvoc/VOCdevkit/VOC2012/JPEGImages/2010_003887.jpg,~/projects/pascalvoc-training/dataset/pascalvoc/VOCdevkit/VOC2012/SegmentationClass/2010_003887.png
~/projects/pascalvoc-training/dataset/pascalvoc/VOCdevkit/VOC2012/JPEGImages/2010_003894.jpg,~/projects/pascalvoc-training/dataset/pascalvoc/VOCdevkit/VOC2012/SegmentationClass/2010_003894.png
~/projects/pascalvoc-training/dataset/pascalvoc/VOCdevkit/VOC2012/JPEGImages/2010_003899.jpg,~/projects/pascalvoc-training/dataset/pascalvoc/VOCdevkit/VOC2012/SegmentationClass/2010_003899.png
~/projects/pascalvoc-training/dataset/pascalvoc/VOCdevkit/VOC2012/JPEGImages/2010_003911.jpg,~/projects/pascalvoc-training/dataset/pascalvoc/VOCdevkit/VOC2012/SegmentationClass/2010_003911.png
~/projects/pascalvoc-training/dataset/pascalvoc/VOCdevkit/VOC2012/JPEGImages/2010_003925.jpg,~/projects/pascalvoc-training/dataset/pascalvoc/VOCdevkit/VOC2012/SegmentationClass/2010_003925.png
~/projects/pascalvoc-training/dataset/pascalvoc/VOCdevkit/VOC2012/JPEGImages/2010_003950.jpg,~/projects/pascalvoc-training/dataset/pascalvoc/VOCdevkit/VOC2012/SegmentationClass/2010_003950.png
~/projects/pascalvoc-training/dataset/pascalvoc/VOCdevkit/VOC2012/JPEGImages/2010_003954.jpg,~/projects/pascalvoc-training/dataset/pascalvoc/VOCdevkit/VOC2012/SegmentationClass/2010_003954.png
~/projects/pascalvoc-training/dataset/pascalvoc/VOCdevkit/VOC2012/JPEGImages/2010_003958.jpg,~/projects/pascalvoc-training/dataset/pascalvoc/VOCdevkit/VOC2012/SegmentationClass/2010_003958.png
~/projects/pascalvoc-training/dataset/pascalvoc/VOCdevkit/VOC2012/JPEGImages/2010_003974.jpg,~/projects/pascalvoc-training/dataset/pascalvoc/VOCdevkit/VOC2012/SegmentationClass/2010_003974.png
~/projects/pascalvoc-training/dataset/pascalvoc/VOCdevkit/VOC2012/JPEGImages/2010_004005.jpg,~/projects/pascalvoc-training/dataset/pascalvoc/VOCdevkit/VOC2012/SegmentationClass/2010_004005.png
~/projects/pascalvoc-training/dataset/pascalvoc/VOCdevkit/VOC2012/JPEGImages/2010_004025.jpg,~/projects/pascalvoc-training/dataset/pascalvoc/VOCdevkit/VOC2012/SegmentationClass/2010_004025.png
~/projects/pascalvoc-training/dataset/pascalvoc/VOCdevkit/VOC2012/JPEGImages/2010_004060.jpg,~/projects/pascalvoc-training/dataset/pascalvoc/VOCdevkit/VOC2012/SegmentationClass/2010_004060.png
~/projects/pascalvoc-training/dataset/pascalvoc/VOCdevkit/VOC2012/JPEGImages/2010_004069.jpg,~/projects/pascalvoc-training/dataset/pascalvoc/VOCdevkit/VOC2012/SegmentationClass/2010_004069.png
~/projects/pascalvoc-training/dataset/pascalvoc/VOCdevkit/VOC2012/JPEGImages/2010_004071.jpg,~/projects/pascalvoc-training/dataset/pascalvoc/VOCdevkit/VOC2012/SegmentationClass/2010_004071.png
~/projects/pascalvoc-training/dataset/pascalvoc/VOCdevkit/VOC2012/JPEGImages/2010_004072.jpg,~/projects/pascalvoc-training/dataset/pascalvoc/VOCdevkit/VOC2012/SegmentationClass/2010_004072.png
~/projects/pascalvoc-training/dataset/pascalvoc/VOCdevkit/VOC2012/JPEGImages/2010_004074.jpg,~/projects/pascalvoc-training/dataset/pascalvoc/VOCdevkit/VOC2012/SegmentationClass/2010_004074.png
~/projects/pascalvoc-training/dataset/pascalvoc/VOCdevkit/VOC2012/JPEGImages/2010_004109.jpg,~/projects/pascalvoc-training/dataset/pascalvoc/VOCdevkit/VOC2012/SegmentationClass/2010_004109.png
~/projects/pascalvoc-training/dataset/pascalvoc/VOCdevkit/VOC2012/JPEGImages/2010_004119.jpg,~/projects/pascalvoc-training/dataset/pascalvoc/VOCdevkit/VOC2012/SegmentationClass/2010_004119.png
~/projects/pascalvoc-training/dataset/pascalvoc/VOCdevkit/VOC2012/JPEGImages/2010_004144.jpg,~/projects/pascalvoc-training/dataset/pascalvoc/VOCdevkit/VOC2012/SegmentationClass/2010_004144.png
~/projects/pascalvoc-training/dataset/pascalvoc/VOCdevkit/VOC2012/JPEGImages/2010_004154.jpg,~/projects/pascalvoc-training/dataset/pascalvoc/VOCdevkit/VOC2012/SegmentationClass/2010_004154.png
~/projects/pascalvoc-training/dataset/pascalvoc/VOCdevkit/VOC2012/JPEGImages/2010_004171.jpg,~/projects/pascalvoc-training/dataset/pascalvoc/VOCdevkit/VOC2012/SegmentationClass/2010_004171.png
~/projects/pascalvoc-training/dataset/pascalvoc/VOCdevkit/VOC2012/JPEGImages/2010_004180.jpg,~/projects/pascalvoc-training/dataset/pascalvoc/VOCdevkit/VOC2012/SegmentationClass/2010_004180.png
~/projects/pascalvoc-training/dataset/pascalvoc/VOCdevkit/VOC2012/JPEGImages/2010_004186.jpg,~/projects/pascalvoc-training/dataset/pascalvoc/VOCdevkit/VOC2012/SegmentationClass/2010_004186.png
~/projects/pascalvoc-training/dataset/pascalvoc/VOCdevkit/VOC2012/JPEGImages/2010_004210.jpg,~/projects/pascalvoc-training/dataset/pascalvoc/VOCdevkit/VOC2012/SegmentationClass/2010_004210.png
~/projects/pascalvoc-training/dataset/pascalvoc/VOCdevkit/VOC2012/JPEGImages/2010_004222.jpg,~/projects/pascalvoc-training/dataset/pascalvoc/VOCdevkit/VOC2012/SegmentationClass/2010_004222.png
~/projects/pascalvoc-training/dataset/pascalvoc/VOCdevkit/VOC2012/JPEGImages/2010_004258.jpg,~/projects/pascalvoc-training/dataset/pascalvoc/VOCdevkit/VOC2012/SegmentationClass/2010_004258.png
~/projects/pascalvoc-training/dataset/pascalvoc/VOCdevkit/VOC2012/JPEGImages/2010_004283.jpg,~/projects/pascalvoc-training/dataset/pascalvoc/VOCdevkit/VOC2012/SegmentationClass/2010_004283.png
~/projects/pascalvoc-training/dataset/pascalvoc/VOCdevkit/VOC2012/JPEGImages/2010_004288.jpg,~/projects/pascalvoc-training/dataset/pascalvoc/VOCdevkit/VOC2012/SegmentationClass/2010_004288.png
~/projects/pascalvoc-training/dataset/pascalvoc/VOCdevkit/VOC2012/JPEGImages/2010_004289.jpg,~/projects/pascalvoc-training/dataset/pascalvoc/VOCdevkit/VOC2012/SegmentationClass/2010_004289.png
~/projects/pascalvoc-training/dataset/pascalvoc/VOCdevkit/VOC2012/JPEGImages/2010_004306.jpg,~/projects/pascalvoc-training/dataset/pascalvoc/VOCdevkit/VOC2012/SegmentationClass/2010_004306.png
~/projects/pascalvoc-training/dataset/pascalvoc/VOCdevkit/VOC2012/JPEGImages/2010_004361.jpg,~/projects/pascalvoc-training/dataset/pascalvoc/VOCdevkit/VOC2012/SegmentationClass/2010_004361.png
~/projects/pascalvoc-training/dataset/pascalvoc/VOCdevkit/VOC2012/JPEGImages/2010_004363.jpg,~/projects/pascalvoc-training/dataset/pascalvoc/VOCdevkit/VOC2012/SegmentationClass/2010_004363.png
~/projects/pascalvoc-training/dataset/pascalvoc/VOCdevkit/VOC2012/JPEGImages/2010_004365.jpg,~/projects/pascalvoc-training/dataset/pascalvoc/VOCdevkit/VOC2012/SegmentationClass/2010_004365.png
~/projects/pascalvoc-training/dataset/pascalvoc/VOCdevkit/VOC2012/JPEGImages/2010_004370.jpg,~/projects/pascalvoc-training/dataset/pascalvoc/VOCdevkit/VOC2012/SegmentationClass/2010_004370.png
~/projects/pascalvoc-training/dataset/pascalvoc/VOCdevkit/VOC2012/JPEGImages/2010_004429.jpg,~/projects/pascalvoc-training/dataset/pascalvoc/VOCdevkit/VOC2012/SegmentationClass/2010_004429.png
~/projects/pascalvoc-training/dataset/pascalvoc/VOCdevkit/VOC2012/JPEGImages/2010_004450.jpg,~/projects/pascalvoc-training/dataset/pascalvoc/VOCdevkit/VOC2012/SegmentationClass/2010_004450.png
~/projects/pascalvoc-training/dataset/pascalvoc/VOCdevkit/VOC2012/JPEGImages/2010_004478.jpg,~/projects/pascalvoc-training/dataset/pascalvoc/VOCdevkit/VOC2012/SegmentationClass/2010_004478.png
~/projects/pascalvoc-training/dataset/pascalvoc/VOCdevkit/VOC2012/JPEGImages/2010_004481.jpg,~/projects/pascalvoc-training/dataset/pascalvoc/VOCdevkit/VOC2012/SegmentationClass/2010_004481.png
~/projects/pascalvoc-training/dataset/pascalvoc/VOCdevkit/VOC2012/JPEGImages/2010_004493.jpg,~/projects/pascalvoc-training/dataset/pascalvoc/VOCdevkit/VOC2012/SegmentationClass/2010_004493.png
~/projects/pascalvoc-training/dataset/pascalvoc/VOCdevkit/VOC2012/JPEGImages/2010_004499.jpg,~/projects/pascalvoc-training/dataset/pascalvoc/VOCdevkit/VOC2012/SegmentationClass/2010_004499.png
~/projects/pascalvoc-training/dataset/pascalvoc/VOCdevkit/VOC2012/JPEGImages/2010_004540.jpg,~/projects/pascalvoc-training/dataset/pascalvoc/VOCdevkit/VOC2012/SegmentationClass/2010_004540.png
~/projects/pascalvoc-training/dataset/pascalvoc/VOCdevkit/VOC2012/JPEGImages/2010_004560.jpg,~/projects/pascalvoc-training/dataset/pascalvoc/VOCdevkit/VOC2012/SegmentationClass/2010_004560.png
~/projects/pascalvoc-training/dataset/pascalvoc/VOCdevkit/VOC2012/JPEGImages/2010_004577.jpg,~/projects/pascalvoc-training/dataset/pascalvoc/VOCdevkit/VOC2012/SegmentationClass/2010_004577.png
~/projects/pascalvoc-training/dataset/pascalvoc/VOCdevkit/VOC2012/JPEGImages/2010_004598.jpg,~/projects/pascalvoc-training/dataset/pascalvoc/VOCdevkit/VOC2012/SegmentationClass/2010_004598.png
~/projects/pascalvoc-training/dataset/pascalvoc/VOCdevkit/VOC2012/JPEGImages/2010_004616.jpg,~/projects/pascalvoc-training/dataset/pascalvoc/VOCdevkit/VOC2012/SegmentationClass/2010_004616.png
~/projects/pascalvoc-training/dataset/pascalvoc/VOCdevkit/VOC2012/JPEGImages/2010_004620.jpg,~/projects/pascalvoc-training/dataset/pascalvoc/VOCdevkit/VOC2012/SegmentationClass/2010_004620.png
~/projects/pascalvoc-training/dataset/pascalvoc/VOCdevkit/VOC2012/JPEGImages/2010_004625.jpg,~/projects/pascalvoc-training/dataset/pascalvoc/VOCdevkit/VOC2012/SegmentationClass/2010_004625.png
~/projects/pascalvoc-training/dataset/pascalvoc/VOCdevkit/VOC2012/JPEGImages/2010_004669.jpg,~/projects/pascalvoc-training/dataset/pascalvoc/VOCdevkit/VOC2012/SegmentationClass/2010_004669.png
~/projects/pascalvoc-training/dataset/pascalvoc/VOCdevkit/VOC2012/JPEGImages/2010_004683.jpg,~/projects/pascalvoc-training/dataset/pascalvoc/VOCdevkit/VOC2012/SegmentationClass/2010_004683.png
~/projects/pascalvoc-training/dataset/pascalvoc/VOCdevkit/VOC2012/JPEGImages/2010_004694.jpg,~/projects/pascalvoc-training/dataset/pascalvoc/VOCdevkit/VOC2012/SegmentationClass/2010_004694.png
~/projects/pascalvoc-training/dataset/pascalvoc/VOCdevkit/VOC2012/JPEGImages/2010_004704.jpg,~/projects/pascalvoc-training/dataset/pascalvoc/VOCdevkit/VOC2012/SegmentationClass/2010_004704.png
~/projects/pascalvoc-training/dataset/pascalvoc/VOCdevkit/VOC2012/JPEGImages/2010_004721.jpg,~/projects/pascalvoc-training/dataset/pascalvoc/VOCdevkit/VOC2012/SegmentationClass/2010_004721.png
~/projects/pascalvoc-training/dataset/pascalvoc/VOCdevkit/VOC2012/JPEGImages/2010_004760.jpg,~/projects/pascalvoc-training/dataset/pascalvoc/VOCdevkit/VOC2012/SegmentationClass/2010_004760.png
~/projects/pascalvoc-training/dataset/pascalvoc/VOCdevkit/VOC2012/JPEGImages/2010_004766.jpg,~/projects/pascalvoc-training/dataset/pascalvoc/VOCdevkit/VOC2012/SegmentationClass/2010_004766.png
~/projects/pascalvoc-training/dataset/pascalvoc/VOCdevkit/VOC2012/JPEGImages/2010_004773.jpg,~/projects/pascalvoc-training/dataset/pascalvoc/VOCdevkit/VOC2012/SegmentationClass/2010_004773.png
~/projects/pascalvoc-training/dataset/pascalvoc/VOCdevkit/VOC2012/JPEGImages/2010_004805.jpg,~/projects/pascalvoc-training/dataset/pascalvoc/VOCdevkit/VOC2012/SegmentationClass/2010_004805.png
~/projects/pascalvoc-training/dataset/pascalvoc/VOCdevkit/VOC2012/JPEGImages/2010_004808.jpg,~/projects/pascalvoc-training/dataset/pascalvoc/VOCdevkit/VOC2012/SegmentationClass/2010_004808.png
~/projects/pascalvoc-training/dataset/pascalvoc/VOCdevkit/VOC2012/JPEGImages/2010_004900.jpg,~/projects/pascalvoc-training/dataset/pascalvoc/VOCdevkit/VOC2012/SegmentationClass/2010_004900.png
~/projects/pascalvoc-training/dataset/pascalvoc/VOCdevkit/VOC2012/JPEGImages/2010_004916.jpg,~/projects/pascalvoc-training/dataset/pascalvoc/VOCdevkit/VOC2012/SegmentationClass/2010_004916.png
~/projects/pascalvoc-training/dataset/pascalvoc/VOCdevkit/VOC2012/JPEGImages/2010_004933.jpg,~/projects/pascalvoc-training/dataset/pascalvoc/VOCdevkit/VOC2012/SegmentationClass/2010_004933.png
~/projects/pascalvoc-training/dataset/pascalvoc/VOCdevkit/VOC2012/JPEGImages/2010_004938.jpg,~/projects/pascalvoc-training/dataset/pascalvoc/VOCdevkit/VOC2012/SegmentationClass/2010_004938.png
~/projects/pascalvoc-training/dataset/pascalvoc/VOCdevkit/VOC2012/JPEGImages/2010_004948.jpg,~/projects/pascalvoc-training/dataset/pascalvoc/VOCdevkit/VOC2012/SegmentationClass/2010_004948.png
~/projects/pascalvoc-training/dataset/pascalvoc/VOCdevkit/VOC2012/JPEGImages/2010_004960.jpg,~/projects/pascalvoc-training/dataset/pascalvoc/VOCdevkit/VOC2012/SegmentationClass/2010_004960.png
~/projects/pascalvoc-training/dataset/pascalvoc/VOCdevkit/VOC2012/JPEGImages/2010_004963.jpg,~/projects/pascalvoc-training/dataset/pascalvoc/VOCdevkit/VOC2012/SegmentationClass/2010_004963.png
~/projects/pascalvoc-training/dataset/pascalvoc/VOCdevkit/VOC2012/JPEGImages/2010_005016.jpg,~/projects/pascalvoc-training/dataset/pascalvoc/VOCdevkit/VOC2012/SegmentationClass/2010_005016.png
~/projects/pascalvoc-training/dataset/pascalvoc/VOCdevkit/VOC2012/JPEGImages/2010_005028.jpg,~/projects/pascalvoc-training/dataset/pascalvoc/VOCdevkit/VOC2012/SegmentationClass/2010_005028.png
~/projects/pascalvoc-training/dataset/pascalvoc/VOCdevkit/VOC2012/JPEGImages/2010_005055.jpg,~/projects/pascalvoc-training/dataset/pascalvoc/VOCdevkit/VOC2012/SegmentationClass/2010_005055.png
~/projects/pascalvoc-training/dataset/pascalvoc/VOCdevkit/VOC2012/JPEGImages/2010_005064.jpg,~/projects/pascalvoc-training/dataset/pascalvoc/VOCdevkit/VOC2012/SegmentationClass/2010_005064.png
~/projects/pascalvoc-training/dataset/pascalvoc/VOCdevkit/VOC2012/JPEGImages/2010_005098.jpg,~/projects/pascalvoc-training/dataset/pascalvoc/VOCdevkit/VOC2012/SegmentationClass/2010_005098.png
~/projects/pascalvoc-training/dataset/pascalvoc/VOCdevkit/VOC2012/JPEGImages/2010_005106.jpg,~/projects/pascalvoc-training/dataset/pascalvoc/VOCdevkit/VOC2012/SegmentationClass/2010_005106.png
~/projects/pascalvoc-training/dataset/pascalvoc/VOCdevkit/VOC2012/JPEGImages/2010_005111.jpg,~/projects/pascalvoc-training/dataset/pascalvoc/VOCdevkit/VOC2012/SegmentationClass/2010_005111.png
~/projects/pascalvoc-training/dataset/pascalvoc/VOCdevkit/VOC2012/JPEGImages/2010_005119.jpg,~/projects/pascalvoc-training/dataset/pascalvoc/VOCdevkit/VOC2012/SegmentationClass/2010_005119.png
~/projects/pascalvoc-training/dataset/pascalvoc/VOCdevkit/VOC2012/JPEGImages/2010_005128.jpg,~/projects/pascalvoc-training/dataset/pascalvoc/VOCdevkit/VOC2012/SegmentationClass/2010_005128.png
~/projects/pascalvoc-training/dataset/pascalvoc/VOCdevkit/VOC2012/JPEGImages/2010_005129.jpg,~/projects/pascalvoc-training/dataset/pascalvoc/VOCdevkit/VOC2012/SegmentationClass/2010_005129.png
~/projects/pascalvoc-training/dataset/pascalvoc/VOCdevkit/VOC2012/JPEGImages/2010_005198.jpg,~/projects/pascalvoc-training/dataset/pascalvoc/VOCdevkit/VOC2012/SegmentationClass/2010_005198.png
~/projects/pascalvoc-training/dataset/pascalvoc/VOCdevkit/VOC2012/JPEGImages/2010_005202.jpg,~/projects/pascalvoc-training/dataset/pascalvoc/VOCdevkit/VOC2012/SegmentationClass/2010_005202.png
~/projects/pascalvoc-training/dataset/pascalvoc/VOCdevkit/VOC2012/JPEGImages/2010_005217.jpg,~/projects/pascalvoc-training/dataset/pascalvoc/VOCdevkit/VOC2012/SegmentationClass/2010_005217.png
~/projects/pascalvoc-training/dataset/pascalvoc/VOCdevkit/VOC2012/JPEGImages/2010_005223.jpg,~/projects/pascalvoc-training/dataset/pascalvoc/VOCdevkit/VOC2012/SegmentationClass/2010_005223.png
~/projects/pascalvoc-training/dataset/pascalvoc/VOCdevkit/VOC2012/JPEGImages/2010_005232.jpg,~/projects/pascalvoc-training/dataset/pascalvoc/VOCdevkit/VOC2012/SegmentationClass/2010_005232.png
~/projects/pascalvoc-training/dataset/pascalvoc/VOCdevkit/VOC2012/JPEGImages/2010_005277.jpg,~/projects/pascalvoc-training/dataset/pascalvoc/VOCdevkit/VOC2012/SegmentationClass/2010_005277.png
~/projects/pascalvoc-training/dataset/pascalvoc/VOCdevkit/VOC2012/JPEGImages/2010_005317.jpg,~/projects/pascalvoc-training/dataset/pascalvoc/VOCdevkit/VOC2012/SegmentationClass/2010_005317.png
~/projects/pascalvoc-training/dataset/pascalvoc/VOCdevkit/VOC2012/JPEGImages/2010_005318.jpg,~/projects/pascalvoc-training/dataset/pascalvoc/VOCdevkit/VOC2012/SegmentationClass/2010_005318.png
~/projects/pascalvoc-training/dataset/pascalvoc/VOCdevkit/VOC2012/JPEGImages/2010_005419.jpg,~/projects/pascalvoc-training/dataset/pascalvoc/VOCdevkit/VOC2012/SegmentationClass/2010_005419.png
~/projects/pascalvoc-training/dataset/pascalvoc/VOCdevkit/VOC2012/JPEGImages/2010_005429.jpg,~/projects/pascalvoc-training/dataset/pascalvoc/VOCdevkit/VOC2012/SegmentationClass/2010_005429.png
~/projects/pascalvoc-training/dataset/pascalvoc/VOCdevkit/VOC2012/JPEGImages/2010_005450.jpg,~/projects/pascalvoc-training/dataset/pascalvoc/VOCdevkit/VOC2012/SegmentationClass/2010_005450.png
~/projects/pascalvoc-training/dataset/pascalvoc/VOCdevkit/VOC2012/JPEGImages/2010_005457.jpg,~/projects/pascalvoc-training/dataset/pascalvoc/VOCdevkit/VOC2012/SegmentationClass/2010_005457.png
~/projects/pascalvoc-training/dataset/pascalvoc/VOCdevkit/VOC2012/JPEGImages/2010_005468.jpg,~/projects/pascalvoc-training/dataset/pascalvoc/VOCdevkit/VOC2012/SegmentationClass/2010_005468.png
~/projects/pascalvoc-training/dataset/pascalvoc/VOCdevkit/VOC2012/JPEGImages/2010_005471.jpg,~/projects/pascalvoc-training/dataset/pascalvoc/VOCdevkit/VOC2012/SegmentationClass/2010_005471.png
~/projects/pascalvoc-training/dataset/pascalvoc/VOCdevkit/VOC2012/JPEGImages/2010_005494.jpg,~/projects/pascalvoc-training/dataset/pascalvoc/VOCdevkit/VOC2012/SegmentationClass/2010_005494.png
~/projects/pascalvoc-training/dataset/pascalvoc/VOCdevkit/VOC2012/JPEGImages/2010_005500.jpg,~/projects/pascalvoc-training/dataset/pascalvoc/VOCdevkit/VOC2012/SegmentationClass/2010_005500.png
~/projects/pascalvoc-training/dataset/pascalvoc/VOCdevkit/VOC2012/JPEGImages/2010_005505.jpg,~/projects/pascalvoc-training/dataset/pascalvoc/VOCdevkit/VOC2012/SegmentationClass/2010_005505.png
~/projects/pascalvoc-training/dataset/pascalvoc/VOCdevkit/VOC2012/JPEGImages/2010_005506.jpg,~/projects/pascalvoc-training/dataset/pascalvoc/VOCdevkit/VOC2012/SegmentationClass/2010_005506.png
~/projects/pascalvoc-training/dataset/pascalvoc/VOCdevkit/VOC2012/JPEGImages/2010_005513.jpg,~/projects/pascalvoc-training/dataset/pascalvoc/VOCdevkit/VOC2012/SegmentationClass/2010_005513.png
~/projects/pascalvoc-training/dataset/pascalvoc/VOCdevkit/VOC2012/JPEGImages/2010_005519.jpg,~/projects/pascalvoc-training/dataset/pascalvoc/VOCdevkit/VOC2012/SegmentationClass/2010_005519.png
~/projects/pascalvoc-training/dataset/pascalvoc/VOCdevkit/VOC2012/JPEGImages/2010_005522.jpg,~/projects/pascalvoc-training/dataset/pascalvoc/VOCdevkit/VOC2012/SegmentationClass/2010_005522.png
~/projects/pascalvoc-training/dataset/pascalvoc/VOCdevkit/VOC2012/JPEGImages/2010_005596.jpg,~/projects/pascalvoc-training/dataset/pascalvoc/VOCdevkit/VOC2012/SegmentationClass/2010_005596.png
~/projects/pascalvoc-training/dataset/pascalvoc/VOCdevkit/VOC2012/JPEGImages/2010_005627.jpg,~/projects/pascalvoc-training/dataset/pascalvoc/VOCdevkit/VOC2012/SegmentationClass/2010_005627.png
~/projects/pascalvoc-training/dataset/pascalvoc/VOCdevkit/VOC2012/JPEGImages/2010_005643.jpg,~/projects/pascalvoc-training/dataset/pascalvoc/VOCdevkit/VOC2012/SegmentationClass/2010_005643.png
~/projects/pascalvoc-training/dataset/pascalvoc/VOCdevkit/VOC2012/JPEGImages/2010_005652.jpg,~/projects/pascalvoc-training/dataset/pascalvoc/VOCdevkit/VOC2012/SegmentationClass/2010_005652.png
~/projects/pascalvoc-training/dataset/pascalvoc/VOCdevkit/VOC2012/JPEGImages/2010_005663.jpg,~/projects/pascalvoc-training/dataset/pascalvoc/VOCdevkit/VOC2012/SegmentationClass/2010_005663.png
~/projects/pascalvoc-training/dataset/pascalvoc/VOCdevkit/VOC2012/JPEGImages/2010_005669.jpg,~/projects/pascalvoc-training/dataset/pascalvoc/VOCdevkit/VOC2012/SegmentationClass/2010_005669.png
~/projects/pascalvoc-training/dataset/pascalvoc/VOCdevkit/VOC2012/JPEGImages/2010_005678.jpg,~/projects/pascalvoc-training/dataset/pascalvoc/VOCdevkit/VOC2012/SegmentationClass/2010_005678.png
~/projects/pascalvoc-training/dataset/pascalvoc/VOCdevkit/VOC2012/JPEGImages/2010_005700.jpg,~/projects/pascalvoc-training/dataset/pascalvoc/VOCdevkit/VOC2012/SegmentationClass/2010_005700.png
~/projects/pascalvoc-training/dataset/pascalvoc/VOCdevkit/VOC2012/JPEGImages/2010_005721.jpg,~/projects/pascalvoc-training/dataset/pascalvoc/VOCdevkit/VOC2012/SegmentationClass/2010_005721.png
~/projects/pascalvoc-training/dataset/pascalvoc/VOCdevkit/VOC2012/JPEGImages/2010_005723.jpg,~/projects/pascalvoc-training/dataset/pascalvoc/VOCdevkit/VOC2012/SegmentationClass/2010_005723.png
~/projects/pascalvoc-training/dataset/pascalvoc/VOCdevkit/VOC2012/JPEGImages/2010_005725.jpg,~/projects/pascalvoc-training/dataset/pascalvoc/VOCdevkit/VOC2012/SegmentationClass/2010_005725.png
~/projects/pascalvoc-training/dataset/pascalvoc/VOCdevkit/VOC2012/JPEGImages/2010_005734.jpg,~/projects/pascalvoc-training/dataset/pascalvoc/VOCdevkit/VOC2012/SegmentationClass/2010_005734.png
~/projects/pascalvoc-training/dataset/pascalvoc/VOCdevkit/VOC2012/JPEGImages/2010_005744.jpg,~/projects/pascalvoc-training/dataset/pascalvoc/VOCdevkit/VOC2012/SegmentationClass/2010_005744.png
~/projects/pascalvoc-training/dataset/pascalvoc/VOCdevkit/VOC2012/JPEGImages/2010_005746.jpg,~/projects/pascalvoc-training/dataset/pascalvoc/VOCdevkit/VOC2012/SegmentationClass/2010_005746.png
~/projects/pascalvoc-training/dataset/pascalvoc/VOCdevkit/VOC2012/JPEGImages/2010_005755.jpg,~/projects/pascalvoc-training/dataset/pascalvoc/VOCdevkit/VOC2012/SegmentationClass/2010_005755.png
~/projects/pascalvoc-training/dataset/pascalvoc/VOCdevkit/VOC2012/JPEGImages/2010_005758.jpg,~/projects/pascalvoc-training/dataset/pascalvoc/VOCdevkit/VOC2012/SegmentationClass/2010_005758.png
~/projects/pascalvoc-training/dataset/pascalvoc/VOCdevkit/VOC2012/JPEGImages/2010_005775.jpg,~/projects/pascalvoc-training/dataset/pascalvoc/VOCdevkit/VOC2012/SegmentationClass/2010_005775.png
~/projects/pascalvoc-training/dataset/pascalvoc/VOCdevkit/VOC2012/JPEGImages/2010_005791.jpg,~/projects/pascalvoc-training/dataset/pascalvoc/VOCdevkit/VOC2012/SegmentationClass/2010_005791.png
~/projects/pascalvoc-training/dataset/pascalvoc/VOCdevkit/VOC2012/JPEGImages/2010_005796.jpg,~/projects/pascalvoc-training/dataset/pascalvoc/VOCdevkit/VOC2012/SegmentationClass/2010_005796.png
~/projects/pascalvoc-training/dataset/pascalvoc/VOCdevkit/VOC2012/JPEGImages/2010_005800.jpg,~/projects/pascalvoc-training/dataset/pascalvoc/VOCdevkit/VOC2012/SegmentationClass/2010_005800.png
~/projects/pascalvoc-training/dataset/pascalvoc/VOCdevkit/VOC2012/JPEGImages/2010_005805.jpg,~/projects/pascalvoc-training/dataset/pascalvoc/VOCdevkit/VOC2012/SegmentationClass/2010_005805.png
~/projects/pascalvoc-training/dataset/pascalvoc/VOCdevkit/VOC2012/JPEGImages/2010_005810.jpg,~/projects/pascalvoc-training/dataset/pascalvoc/VOCdevkit/VOC2012/SegmentationClass/2010_005810.png
~/projects/pascalvoc-training/dataset/pascalvoc/VOCdevkit/VOC2012/JPEGImages/2010_005820.jpg,~/projects/pascalvoc-training/dataset/pascalvoc/VOCdevkit/VOC2012/SegmentationClass/2010_005820.png
~/projects/pascalvoc-training/dataset/pascalvoc/VOCdevkit/VOC2012/JPEGImages/2010_005830.jpg,~/projects/pascalvoc-training/dataset/pascalvoc/VOCdevkit/VOC2012/SegmentationClass/2010_005830.png
~/projects/pascalvoc-training/dataset/pascalvoc/VOCdevkit/VOC2012/JPEGImages/2010_005835.jpg,~/projects/pascalvoc-training/dataset/pascalvoc/VOCdevkit/VOC2012/SegmentationClass/2010_005835.png
~/projects/pascalvoc-training/dataset/pascalvoc/VOCdevkit/VOC2012/JPEGImages/2010_005836.jpg,~/projects/pascalvoc-training/dataset/pascalvoc/VOCdevkit/VOC2012/SegmentationClass/2010_005836.png
~/projects/pascalvoc-training/dataset/pascalvoc/VOCdevkit/VOC2012/JPEGImages/2010_005876.jpg,~/projects/pascalvoc-training/dataset/pascalvoc/VOCdevkit/VOC2012/SegmentationClass/2010_005876.png
~/projects/pascalvoc-training/dataset/pascalvoc/VOCdevkit/VOC2012/JPEGImages/2010_005891.jpg,~/projects/pascalvoc-training/dataset/pascalvoc/VOCdevkit/VOC2012/SegmentationClass/2010_005891.png
~/projects/pascalvoc-training/dataset/pascalvoc/VOCdevkit/VOC2012/JPEGImages/2010_005898.jpg,~/projects/pascalvoc-training/dataset/pascalvoc/VOCdevkit/VOC2012/SegmentationClass/2010_005898.png
~/projects/pascalvoc-training/dataset/pascalvoc/VOCdevkit/VOC2012/JPEGImages/2010_005919.jpg,~/projects/pascalvoc-training/dataset/pascalvoc/VOCdevkit/VOC2012/SegmentationClass/2010_005919.png
~/projects/pascalvoc-training/dataset/pascalvoc/VOCdevkit/VOC2012/JPEGImages/2010_005927.jpg,~/projects/pascalvoc-training/dataset/pascalvoc/VOCdevkit/VOC2012/SegmentationClass/2010_005927.png
~/projects/pascalvoc-training/dataset/pascalvoc/VOCdevkit/VOC2012/JPEGImages/2010_005932.jpg,~/projects/pascalvoc-training/dataset/pascalvoc/VOCdevkit/VOC2012/SegmentationClass/2010_005932.png
~/projects/pascalvoc-training/dataset/pascalvoc/VOCdevkit/VOC2012/JPEGImages/2010_005951.jpg,~/projects/pascalvoc-training/dataset/pascalvoc/VOCdevkit/VOC2012/SegmentationClass/2010_005951.png
~/projects/pascalvoc-training/dataset/pascalvoc/VOCdevkit/VOC2012/JPEGImages/2010_005952.jpg,~/projects/pascalvoc-training/dataset/pascalvoc/VOCdevkit/VOC2012/SegmentationClass/2010_005952.png
~/projects/pascalvoc-training/dataset/pascalvoc/VOCdevkit/VOC2012/JPEGImages/2010_005978.jpg,~/projects/pascalvoc-training/dataset/pascalvoc/VOCdevkit/VOC2012/SegmentationClass/2010_005978.png
~/projects/pascalvoc-training/dataset/pascalvoc/VOCdevkit/VOC2012/JPEGImages/2010_005982.jpg,~/projects/pascalvoc-training/dataset/pascalvoc/VOCdevkit/VOC2012/SegmentationClass/2010_005982.png
~/projects/pascalvoc-training/dataset/pascalvoc/VOCdevkit/VOC2012/JPEGImages/2010_006009.jpg,~/projects/pascalvoc-training/dataset/pascalvoc/VOCdevkit/VOC2012/SegmentationClass/2010_006009.png
~/projects/pascalvoc-training/dataset/pascalvoc/VOCdevkit/VOC2012/JPEGImages/2011_000003.jpg,~/projects/pascalvoc-training/dataset/pascalvoc/VOCdevkit/VOC2012/SegmentationClass/2011_000003.png
~/projects/pascalvoc-training/dataset/pascalvoc/VOCdevkit/VOC2012/JPEGImages/2011_000006.jpg,~/projects/pascalvoc-training/dataset/pascalvoc/VOCdevkit/VOC2012/SegmentationClass/2011_000006.png
~/projects/pascalvoc-training/dataset/pascalvoc/VOCdevkit/VOC2012/JPEGImages/2011_000025.jpg,~/projects/pascalvoc-training/dataset/pascalvoc/VOCdevkit/VOC2012/SegmentationClass/2011_000025.png
~/projects/pascalvoc-training/dataset/pascalvoc/VOCdevkit/VOC2012/JPEGImages/2011_000027.jpg,~/projects/pascalvoc-training/dataset/pascalvoc/VOCdevkit/VOC2012/SegmentationClass/2011_000027.png
~/projects/pascalvoc-training/dataset/pascalvoc/VOCdevkit/VOC2012/JPEGImages/2011_000068.jpg,~/projects/pascalvoc-training/dataset/pascalvoc/VOCdevkit/VOC2012/SegmentationClass/2011_000068.png
~/projects/pascalvoc-training/dataset/pascalvoc/VOCdevkit/VOC2012/JPEGImages/2011_000069.jpg,~/projects/pascalvoc-training/dataset/pascalvoc/VOCdevkit/VOC2012/SegmentationClass/2011_000069.png
~/projects/pascalvoc-training/dataset/pascalvoc/VOCdevkit/VOC2012/JPEGImages/2011_000105.jpg,~/projects/pascalvoc-training/dataset/pascalvoc/VOCdevkit/VOC2012/SegmentationClass/2011_000105.png
~/projects/pascalvoc-training/dataset/pascalvoc/VOCdevkit/VOC2012/JPEGImages/2011_000108.jpg,~/projects/pascalvoc-training/dataset/pascalvoc/VOCdevkit/VOC2012/SegmentationClass/2011_000108.png
~/projects/pascalvoc-training/dataset/pascalvoc/VOCdevkit/VOC2012/JPEGImages/2011_000116.jpg,~/projects/pascalvoc-training/dataset/pascalvoc/VOCdevkit/VOC2012/SegmentationClass/2011_000116.png
~/projects/pascalvoc-training/dataset/pascalvoc/VOCdevkit/VOC2012/JPEGImages/2011_000122.jpg,~/projects/pascalvoc-training/dataset/pascalvoc/VOCdevkit/VOC2012/SegmentationClass/2011_000122.png
~/projects/pascalvoc-training/dataset/pascalvoc/VOCdevkit/VOC2012/JPEGImages/2011_000145.jpg,~/projects/pascalvoc-training/dataset/pascalvoc/VOCdevkit/VOC2012/SegmentationClass/2011_000145.png
~/projects/pascalvoc-training/dataset/pascalvoc/VOCdevkit/VOC2012/JPEGImages/2011_000149.jpg,~/projects/pascalvoc-training/dataset/pascalvoc/VOCdevkit/VOC2012/SegmentationClass/2011_000149.png
~/projects/pascalvoc-training/dataset/pascalvoc/VOCdevkit/VOC2012/JPEGImages/2011_000152.jpg,~/projects/pascalvoc-training/dataset/pascalvoc/VOCdevkit/VOC2012/SegmentationClass/2011_000152.png
~/projects/pascalvoc-training/dataset/pascalvoc/VOCdevkit/VOC2012/JPEGImages/2011_000182.jpg,~/projects/pascalvoc-training/dataset/pascalvoc/VOCdevkit/VOC2012/SegmentationClass/2011_000182.png
~/projects/pascalvoc-training/dataset/pascalvoc/VOCdevkit/VOC2012/JPEGImages/2011_000197.jpg,~/projects/pascalvoc-training/dataset/pascalvoc/VOCdevkit/VOC2012/SegmentationClass/2011_000197.png
~/projects/pascalvoc-training/dataset/pascalvoc/VOCdevkit/VOC2012/JPEGImages/2011_000208.jpg,~/projects/pascalvoc-training/dataset/pascalvoc/VOCdevkit/VOC2012/SegmentationClass/2011_000208.png
~/projects/pascalvoc-training/dataset/pascalvoc/VOCdevkit/VOC2012/JPEGImages/2011_000216.jpg,~/projects/pascalvoc-training/dataset/pascalvoc/VOCdevkit/VOC2012/SegmentationClass/2011_000216.png
~/projects/pascalvoc-training/dataset/pascalvoc/VOCdevkit/VOC2012/JPEGImages/2011_000219.jpg,~/projects/pascalvoc-training/dataset/pascalvoc/VOCdevkit/VOC2012/SegmentationClass/2011_000219.png
~/projects/pascalvoc-training/dataset/pascalvoc/VOCdevkit/VOC2012/JPEGImages/2011_000221.jpg,~/projects/pascalvoc-training/dataset/pascalvoc/VOCdevkit/VOC2012/SegmentationClass/2011_000221.png
~/projects/pascalvoc-training/dataset/pascalvoc/VOCdevkit/VOC2012/JPEGImages/2011_000222.jpg,~/projects/pascalvoc-training/dataset/pascalvoc/VOCdevkit/VOC2012/SegmentationClass/2011_000222.png
~/projects/pascalvoc-training/dataset/pascalvoc/VOCdevkit/VOC2012/JPEGImages/2011_000228.jpg,~/projects/pascalvoc-training/dataset/pascalvoc/VOCdevkit/VOC2012/SegmentationClass/2011_000228.png
~/projects/pascalvoc-training/dataset/pascalvoc/VOCdevkit/VOC2012/JPEGImages/2011_000243.jpg,~/projects/pascalvoc-training/dataset/pascalvoc/VOCdevkit/VOC2012/SegmentationClass/2011_000243.png
~/projects/pascalvoc-training/dataset/pascalvoc/VOCdevkit/VOC2012/JPEGImages/2011_000252.jpg,~/projects/pascalvoc-training/dataset/pascalvoc/VOCdevkit/VOC2012/SegmentationClass/2011_000252.png
~/projects/pascalvoc-training/dataset/pascalvoc/VOCdevkit/VOC2012/JPEGImages/2011_000258.jpg,~/projects/pascalvoc-training/dataset/pascalvoc/VOCdevkit/VOC2012/SegmentationClass/2011_000258.png
~/projects/pascalvoc-training/dataset/pascalvoc/VOCdevkit/VOC2012/JPEGImages/2011_000268.jpg,~/projects/pascalvoc-training/dataset/pascalvoc/VOCdevkit/VOC2012/SegmentationClass/2011_000268.png
~/projects/pascalvoc-training/dataset/pascalvoc/VOCdevkit/VOC2012/JPEGImages/2011_000277.jpg,~/projects/pascalvoc-training/dataset/pascalvoc/VOCdevkit/VOC2012/SegmentationClass/2011_000277.png
~/projects/pascalvoc-training/dataset/pascalvoc/VOCdevkit/VOC2012/JPEGImages/2011_000278.jpg,~/projects/pascalvoc-training/dataset/pascalvoc/VOCdevkit/VOC2012/SegmentationClass/2011_000278.png
~/projects/pascalvoc-training/dataset/pascalvoc/VOCdevkit/VOC2012/JPEGImages/2011_000293.jpg,~/projects/pascalvoc-training/dataset/pascalvoc/VOCdevkit/VOC2012/SegmentationClass/2011_000293.png
~/projects/pascalvoc-training/dataset/pascalvoc/VOCdevkit/VOC2012/JPEGImages/2011_000345.jpg,~/projects/pascalvoc-training/dataset/pascalvoc/VOCdevkit/VOC2012/SegmentationClass/2011_000345.png
~/projects/pascalvoc-training/dataset/pascalvoc/VOCdevkit/VOC2012/JPEGImages/2011_000359.jpg,~/projects/pascalvoc-training/dataset/pascalvoc/VOCdevkit/VOC2012/SegmentationClass/2011_000359.png
~/projects/pascalvoc-training/dataset/pascalvoc/VOCdevkit/VOC2012/JPEGImages/2011_000379.jpg,~/projects/pascalvoc-training/dataset/pascalvoc/VOCdevkit/VOC2012/SegmentationClass/2011_000379.png
~/projects/pascalvoc-training/dataset/pascalvoc/VOCdevkit/VOC2012/JPEGImages/2011_000382.jpg,~/projects/pascalvoc-training/dataset/pascalvoc/VOCdevkit/VOC2012/SegmentationClass/2011_000382.png
~/projects/pascalvoc-training/dataset/pascalvoc/VOCdevkit/VOC2012/JPEGImages/2011_000400.jpg,~/projects/pascalvoc-training/dataset/pascalvoc/VOCdevkit/VOC2012/SegmentationClass/2011_000400.png
~/projects/pascalvoc-training/dataset/pascalvoc/VOCdevkit/VOC2012/JPEGImages/2011_000428.jpg,~/projects/pascalvoc-training/dataset/pascalvoc/VOCdevkit/VOC2012/SegmentationClass/2011_000428.png
~/projects/pascalvoc-training/dataset/pascalvoc/VOCdevkit/VOC2012/JPEGImages/2011_000449.jpg,~/projects/pascalvoc-training/dataset/pascalvoc/VOCdevkit/VOC2012/SegmentationClass/2011_000449.png
~/projects/pascalvoc-training/dataset/pascalvoc/VOCdevkit/VOC2012/JPEGImages/2011_000453.jpg,~/projects/pascalvoc-training/dataset/pascalvoc/VOCdevkit/VOC2012/SegmentationClass/2011_000453.png
~/projects/pascalvoc-training/dataset/pascalvoc/VOCdevkit/VOC2012/JPEGImages/2011_000457.jpg,~/projects/pascalvoc-training/dataset/pascalvoc/VOCdevkit/VOC2012/SegmentationClass/2011_000457.png
~/projects/pascalvoc-training/dataset/pascalvoc/VOCdevkit/VOC2012/JPEGImages/2011_000468.jpg,~/projects/pascalvoc-training/dataset/pascalvoc/VOCdevkit/VOC2012/SegmentationClass/2011_000468.png
~/projects/pascalvoc-training/dataset/pascalvoc/VOCdevkit/VOC2012/JPEGImages/2011_000469.jpg,~/projects/pascalvoc-training/dataset/pascalvoc/VOCdevkit/VOC2012/SegmentationClass/2011_000469.png
~/projects/pascalvoc-training/dataset/pascalvoc/VOCdevkit/VOC2012/JPEGImages/2011_000513.jpg,~/projects/pascalvoc-training/dataset/pascalvoc/VOCdevkit/VOC2012/SegmentationClass/2011_000513.png
~/projects/pascalvoc-training/dataset/pascalvoc/VOCdevkit/VOC2012/JPEGImages/2011_000542.jpg,~/projects/pascalvoc-training/dataset/pascalvoc/VOCdevkit/VOC2012/SegmentationClass/2011_000542.png
~/projects/pascalvoc-training/dataset/pascalvoc/VOCdevkit/VOC2012/JPEGImages/2011_000550.jpg,~/projects/pascalvoc-training/dataset/pascalvoc/VOCdevkit/VOC2012/SegmentationClass/2011_000550.png
~/projects/pascalvoc-training/dataset/pascalvoc/VOCdevkit/VOC2012/JPEGImages/2011_000551.jpg,~/projects/pascalvoc-training/dataset/pascalvoc/VOCdevkit/VOC2012/SegmentationClass/2011_000551.png
~/projects/pascalvoc-training/dataset/pascalvoc/VOCdevkit/VOC2012/JPEGImages/2011_000556.jpg,~/projects/pascalvoc-training/dataset/pascalvoc/VOCdevkit/VOC2012/SegmentationClass/2011_000556.png
~/projects/pascalvoc-training/dataset/pascalvoc/VOCdevkit/VOC2012/JPEGImages/2011_000573.jpg,~/projects/pascalvoc-training/dataset/pascalvoc/VOCdevkit/VOC2012/SegmentationClass/2011_000573.png
~/projects/pascalvoc-training/dataset/pascalvoc/VOCdevkit/VOC2012/JPEGImages/2011_000577.jpg,~/projects/pascalvoc-training/dataset/pascalvoc/VOCdevkit/VOC2012/SegmentationClass/2011_000577.png
~/projects/pascalvoc-training/dataset/pascalvoc/VOCdevkit/VOC2012/JPEGImages/2011_000589.jpg,~/projects/pascalvoc-training/dataset/pascalvoc/VOCdevkit/VOC2012/SegmentationClass/2011_000589.png
~/projects/pascalvoc-training/dataset/pascalvoc/VOCdevkit/VOC2012/JPEGImages/2011_000594.jpg,~/projects/pascalvoc-training/dataset/pascalvoc/VOCdevkit/VOC2012/SegmentationClass/2011_000594.png
~/projects/pascalvoc-training/dataset/pascalvoc/VOCdevkit/VOC2012/JPEGImages/2011_000637.jpg,~/projects/pascalvoc-training/dataset/pascalvoc/VOCdevkit/VOC2012/SegmentationClass/2011_000637.png
~/projects/pascalvoc-training/dataset/pascalvoc/VOCdevkit/VOC2012/JPEGImages/2011_000641.jpg,~/projects/pascalvoc-training/dataset/pascalvoc/VOCdevkit/VOC2012/SegmentationClass/2011_000641.png
~/projects/pascalvoc-training/dataset/pascalvoc/VOCdevkit/VOC2012/JPEGImages/2011_000642.jpg,~/projects/pascalvoc-training/dataset/pascalvoc/VOCdevkit/VOC2012/SegmentationClass/2011_000642.png
~/projects/pascalvoc-training/dataset/pascalvoc/VOCdevkit/VOC2012/JPEGImages/2011_000646.jpg,~/projects/pascalvoc-training/dataset/pascalvoc/VOCdevkit/VOC2012/SegmentationClass/2011_000646.png
~/projects/pascalvoc-training/dataset/pascalvoc/VOCdevkit/VOC2012/JPEGImages/2011_000651.jpg,~/projects/pascalvoc-training/dataset/pascalvoc/VOCdevkit/VOC2012/SegmentationClass/2011_000651.png
~/projects/pascalvoc-training/dataset/pascalvoc/VOCdevkit/VOC2012/JPEGImages/2011_000652.jpg,~/projects/pascalvoc-training/dataset/pascalvoc/VOCdevkit/VOC2012/SegmentationClass/2011_000652.png
~/projects/pascalvoc-training/dataset/pascalvoc/VOCdevkit/VOC2012/JPEGImages/2011_000713.jpg,~/projects/pascalvoc-training/dataset/pascalvoc/VOCdevkit/VOC2012/SegmentationClass/2011_000713.png
~/projects/pascalvoc-training/dataset/pascalvoc/VOCdevkit/VOC2012/JPEGImages/2011_000758.jpg,~/projects/pascalvoc-training/dataset/pascalvoc/VOCdevkit/VOC2012/SegmentationClass/2011_000758.png
~/projects/pascalvoc-training/dataset/pascalvoc/VOCdevkit/VOC2012/JPEGImages/2011_000768.jpg,~/projects/pascalvoc-training/dataset/pascalvoc/VOCdevkit/VOC2012/SegmentationClass/2011_000768.png
~/projects/pascalvoc-training/dataset/pascalvoc/VOCdevkit/VOC2012/JPEGImages/2011_000771.jpg,~/projects/pascalvoc-training/dataset/pascalvoc/VOCdevkit/VOC2012/SegmentationClass/2011_000771.png
~/projects/pascalvoc-training/dataset/pascalvoc/VOCdevkit/VOC2012/JPEGImages/2011_000790.jpg,~/projects/pascalvoc-training/dataset/pascalvoc/VOCdevkit/VOC2012/SegmentationClass/2011_000790.png
~/projects/pascalvoc-training/dataset/pascalvoc/VOCdevkit/VOC2012/JPEGImages/2011_000793.jpg,~/projects/pascalvoc-training/dataset/pascalvoc/VOCdevkit/VOC2012/SegmentationClass/2011_000793.png
~/projects/pascalvoc-training/dataset/pascalvoc/VOCdevkit/VOC2012/JPEGImages/2011_000834.jpg,~/projects/pascalvoc-training/dataset/pascalvoc/VOCdevkit/VOC2012/SegmentationClass/2011_000834.png
~/projects/pascalvoc-training/dataset/pascalvoc/VOCdevkit/VOC2012/JPEGImages/2011_000840.jpg,~/projects/pascalvoc-training/dataset/pascalvoc/VOCdevkit/VOC2012/SegmentationClass/2011_000840.png
~/projects/pascalvoc-training/dataset/pascalvoc/VOCdevkit/VOC2012/JPEGImages/2011_000882.jpg,~/projects/pascalvoc-training/dataset/pascalvoc/VOCdevkit/VOC2012/SegmentationClass/2011_000882.png
~/projects/pascalvoc-training/dataset/pascalvoc/VOCdevkit/VOC2012/JPEGImages/2011_000893.jpg,~/projects/pascalvoc-training/dataset/pascalvoc/VOCdevkit/VOC2012/SegmentationClass/2011_000893.png
~/projects/pascalvoc-training/dataset/pascalvoc/VOCdevkit/VOC2012/JPEGImages/2011_000895.jpg,~/projects/pascalvoc-training/dataset/pascalvoc/VOCdevkit/VOC2012/SegmentationClass/2011_000895.png
~/projects/pascalvoc-training/dataset/pascalvoc/VOCdevkit/VOC2012/JPEGImages/2011_000920.jpg,~/projects/pascalvoc-training/dataset/pascalvoc/VOCdevkit/VOC2012/SegmentationClass/2011_000920.png
~/projects/pascalvoc-training/dataset/pascalvoc/VOCdevkit/VOC2012/JPEGImages/2011_000934.jpg,~/projects/pascalvoc-training/dataset/pascalvoc/VOCdevkit/VOC2012/SegmentationClass/2011_000934.png
~/projects/pascalvoc-training/dataset/pascalvoc/VOCdevkit/VOC2012/JPEGImages/2011_000944.jpg,~/projects/pascalvoc-training/dataset/pascalvoc/VOCdevkit/VOC2012/SegmentationClass/2011_000944.png
~/projects/pascalvoc-training/dataset/pascalvoc/VOCdevkit/VOC2012/JPEGImages/2011_000973.jpg,~/projects/pascalvoc-training/dataset/pascalvoc/VOCdevkit/VOC2012/SegmentationClass/2011_000973.png
~/projects/pascalvoc-training/dataset/pascalvoc/VOCdevkit/VOC2012/JPEGImages/2011_000982.jpg,~/projects/pascalvoc-training/dataset/pascalvoc/VOCdevkit/VOC2012/SegmentationClass/2011_000982.png
~/projects/pascalvoc-training/dataset/pascalvoc/VOCdevkit/VOC2012/JPEGImages/2011_000997.jpg,~/projects/pascalvoc-training/dataset/pascalvoc/VOCdevkit/VOC2012/SegmentationClass/2011_000997.png
~/projects/pascalvoc-training/dataset/pascalvoc/VOCdevkit/VOC2012/JPEGImages/2011_000999.jpg,~/projects/pascalvoc-training/dataset/pascalvoc/VOCdevkit/VOC2012/SegmentationClass/2011_000999.png
~/projects/pascalvoc-training/dataset/pascalvoc/VOCdevkit/VOC2012/JPEGImages/2011_001004.jpg,~/projects/pascalvoc-training/dataset/pascalvoc/VOCdevkit/VOC2012/SegmentationClass/2011_001004.png
~/projects/pascalvoc-training/dataset/pascalvoc/VOCdevkit/VOC2012/JPEGImages/2011_001015.jpg,~/projects/pascalvoc-training/dataset/pascalvoc/VOCdevkit/VOC2012/SegmentationClass/2011_001015.png
~/projects/pascalvoc-training/dataset/pascalvoc/VOCdevkit/VOC2012/JPEGImages/2011_001027.jpg,~/projects/pascalvoc-training/dataset/pascalvoc/VOCdevkit/VOC2012/SegmentationClass/2011_001027.png
~/projects/pascalvoc-training/dataset/pascalvoc/VOCdevkit/VOC2012/JPEGImages/2011_001133.jpg,~/projects/pascalvoc-training/dataset/pascalvoc/VOCdevkit/VOC2012/SegmentationClass/2011_001133.png
~/projects/pascalvoc-training/dataset/pascalvoc/VOCdevkit/VOC2012/JPEGImages/2011_001135.jpg,~/projects/pascalvoc-training/dataset/pascalvoc/VOCdevkit/VOC2012/SegmentationClass/2011_001135.png
~/projects/pascalvoc-training/dataset/pascalvoc/VOCdevkit/VOC2012/JPEGImages/2011_001139.jpg,~/projects/pascalvoc-training/dataset/pascalvoc/VOCdevkit/VOC2012/SegmentationClass/2011_001139.png
~/projects/pascalvoc-training/dataset/pascalvoc/VOCdevkit/VOC2012/JPEGImages/2011_001166.jpg,~/projects/pascalvoc-training/dataset/pascalvoc/VOCdevkit/VOC2012/SegmentationClass/2011_001166.png
~/projects/pascalvoc-training/dataset/pascalvoc/VOCdevkit/VOC2012/JPEGImages/2011_001175.jpg,~/projects/pascalvoc-training/dataset/pascalvoc/VOCdevkit/VOC2012/SegmentationClass/2011_001175.png
~/projects/pascalvoc-training/dataset/pascalvoc/VOCdevkit/VOC2012/JPEGImages/2011_001198.jpg,~/projects/pascalvoc-training/dataset/pascalvoc/VOCdevkit/VOC2012/SegmentationClass/2011_001198.png
~/projects/pascalvoc-training/dataset/pascalvoc/VOCdevkit/VOC2012/JPEGImages/2011_001211.jpg,~/projects/pascalvoc-training/dataset/pascalvoc/VOCdevkit/VOC2012/SegmentationClass/2011_001211.png
~/projects/pascalvoc-training/dataset/pascalvoc/VOCdevkit/VOC2012/JPEGImages/2011_001259.jpg,~/projects/pascalvoc-training/dataset/pascalvoc/VOCdevkit/VOC2012/SegmentationClass/2011_001259.png
~/projects/pascalvoc-training/dataset/pascalvoc/VOCdevkit/VOC2012/JPEGImages/2011_001270.jpg,~/projects/pascalvoc-training/dataset/pascalvoc/VOCdevkit/VOC2012/SegmentationClass/2011_001270.png
~/projects/pascalvoc-training/dataset/pascalvoc/VOCdevkit/VOC2012/JPEGImages/2011_001336.jpg,~/projects/pascalvoc-training/dataset/pascalvoc/VOCdevkit/VOC2012/SegmentationClass/2011_001336.png
~/projects/pascalvoc-training/dataset/pascalvoc/VOCdevkit/VOC2012/JPEGImages/2011_001400.jpg,~/projects/pascalvoc-training/dataset/pascalvoc/VOCdevkit/VOC2012/SegmentationClass/2011_001400.png
~/projects/pascalvoc-training/dataset/pascalvoc/VOCdevkit/VOC2012/JPEGImages/2011_001402.jpg,~/projects/pascalvoc-training/dataset/pascalvoc/VOCdevkit/VOC2012/SegmentationClass/2011_001402.png
~/projects/pascalvoc-training/dataset/pascalvoc/VOCdevkit/VOC2012/JPEGImages/2011_001411.jpg,~/projects/pascalvoc-training/dataset/pascalvoc/VOCdevkit/VOC2012/SegmentationClass/2011_001411.png
~/projects/pascalvoc-training/dataset/pascalvoc/VOCdevkit/VOC2012/JPEGImages/2011_001412.jpg,~/projects/pascalvoc-training/dataset/pascalvoc/VOCdevkit/VOC2012/SegmentationClass/2011_001412.png
~/projects/pascalvoc-training/dataset/pascalvoc/VOCdevkit/VOC2012/JPEGImages/2011_001432.jpg,~/projects/pascalvoc-training/dataset/pascalvoc/VOCdevkit/VOC2012/SegmentationClass/2011_001432.png
~/projects/pascalvoc-training/dataset/pascalvoc/VOCdevkit/VOC2012/JPEGImages/2011_001463.jpg,~/projects/pascalvoc-training/dataset/pascalvoc/VOCdevkit/VOC2012/SegmentationClass/2011_001463.png
~/projects/pascalvoc-training/dataset/pascalvoc/VOCdevkit/VOC2012/JPEGImages/2011_001475.jpg,~/projects/pascalvoc-training/dataset/pascalvoc/VOCdevkit/VOC2012/SegmentationClass/2011_001475.png
~/projects/pascalvoc-training/dataset/pascalvoc/VOCdevkit/VOC2012/JPEGImages/2011_001479.jpg,~/projects/pascalvoc-training/dataset/pascalvoc/VOCdevkit/VOC2012/SegmentationClass/2011_001479.png
~/projects/pascalvoc-training/dataset/pascalvoc/VOCdevkit/VOC2012/JPEGImages/2011_001519.jpg,~/projects/pascalvoc-training/dataset/pascalvoc/VOCdevkit/VOC2012/SegmentationClass/2011_001519.png
~/projects/pascalvoc-training/dataset/pascalvoc/VOCdevkit/VOC2012/JPEGImages/2011_001536.jpg,~/projects/pascalvoc-training/dataset/pascalvoc/VOCdevkit/VOC2012/SegmentationClass/2011_001536.png
~/projects/pascalvoc-training/dataset/pascalvoc/VOCdevkit/VOC2012/JPEGImages/2011_001542.jpg,~/projects/pascalvoc-training/dataset/pascalvoc/VOCdevkit/VOC2012/SegmentationClass/2011_001542.png
~/projects/pascalvoc-training/dataset/pascalvoc/VOCdevkit/VOC2012/JPEGImages/2011_001571.jpg,~/projects/pascalvoc-training/dataset/pascalvoc/VOCdevkit/VOC2012/SegmentationClass/2011_001571.png
~/projects/pascalvoc-training/dataset/pascalvoc/VOCdevkit/VOC2012/JPEGImages/2011_001621.jpg,~/projects/pascalvoc-training/dataset/pascalvoc/VOCdevkit/VOC2012/SegmentationClass/2011_001621.png
~/projects/pascalvoc-training/dataset/pascalvoc/VOCdevkit/VOC2012/JPEGImages/2011_001622.jpg,~/projects/pascalvoc-training/dataset/pascalvoc/VOCdevkit/VOC2012/SegmentationClass/2011_001622.png
~/projects/pascalvoc-training/dataset/pascalvoc/VOCdevkit/VOC2012/JPEGImages/2011_001632.jpg,~/projects/pascalvoc-training/dataset/pascalvoc/VOCdevkit/VOC2012/SegmentationClass/2011_001632.png
~/projects/pascalvoc-training/dataset/pascalvoc/VOCdevkit/VOC2012/JPEGImages/2011_001652.jpg,~/projects/pascalvoc-training/dataset/pascalvoc/VOCdevkit/VOC2012/SegmentationClass/2011_001652.png
~/projects/pascalvoc-training/dataset/pascalvoc/VOCdevkit/VOC2012/JPEGImages/2011_001653.jpg,~/projects/pascalvoc-training/dataset/pascalvoc/VOCdevkit/VOC2012/SegmentationClass/2011_001653.png
~/projects/pascalvoc-training/dataset/pascalvoc/VOCdevkit/VOC2012/JPEGImages/2011_001695.jpg,~/projects/pascalvoc-training/dataset/pascalvoc/VOCdevkit/VOC2012/SegmentationClass/2011_001695.png
~/projects/pascalvoc-training/dataset/pascalvoc/VOCdevkit/VOC2012/JPEGImages/2011_001710.jpg,~/projects/pascalvoc-training/dataset/pascalvoc/VOCdevkit/VOC2012/SegmentationClass/2011_001710.png
~/projects/pascalvoc-training/dataset/pascalvoc/VOCdevkit/VOC2012/JPEGImages/2011_001730.jpg,~/projects/pascalvoc-training/dataset/pascalvoc/VOCdevkit/VOC2012/SegmentationClass/2011_001730.png
~/projects/pascalvoc-training/dataset/pascalvoc/VOCdevkit/VOC2012/JPEGImages/2011_001753.jpg,~/projects/pascalvoc-training/dataset/pascalvoc/VOCdevkit/VOC2012/SegmentationClass/2011_001753.png
~/projects/pascalvoc-training/dataset/pascalvoc/VOCdevkit/VOC2012/JPEGImages/2011_001754.jpg,~/projects/pascalvoc-training/dataset/pascalvoc/VOCdevkit/VOC2012/SegmentationClass/2011_001754.png
~/projects/pascalvoc-training/dataset/pascalvoc/VOCdevkit/VOC2012/JPEGImages/2011_001764.jpg,~/projects/pascalvoc-training/dataset/pascalvoc/VOCdevkit/VOC2012/SegmentationClass/2011_001764.png
~/projects/pascalvoc-training/dataset/pascalvoc/VOCdevkit/VOC2012/JPEGImages/2011_001765.jpg,~/projects/pascalvoc-training/dataset/pascalvoc/VOCdevkit/VOC2012/SegmentationClass/2011_001765.png
~/projects/pascalvoc-training/dataset/pascalvoc/VOCdevkit/VOC2012/JPEGImages/2011_001790.jpg,~/projects/pascalvoc-training/dataset/pascalvoc/VOCdevkit/VOC2012/SegmentationClass/2011_001790.png
~/projects/pascalvoc-training/dataset/pascalvoc/VOCdevkit/VOC2012/JPEGImages/2011_001810.jpg,~/projects/pascalvoc-training/dataset/pascalvoc/VOCdevkit/VOC2012/SegmentationClass/2011_001810.png
~/projects/pascalvoc-training/dataset/pascalvoc/VOCdevkit/VOC2012/JPEGImages/2011_001855.jpg,~/projects/pascalvoc-training/dataset/pascalvoc/VOCdevkit/VOC2012/SegmentationClass/2011_001855.png
~/projects/pascalvoc-training/dataset/pascalvoc/VOCdevkit/VOC2012/JPEGImages/2011_001866.jpg,~/projects/pascalvoc-training/dataset/pascalvoc/VOCdevkit/VOC2012/SegmentationClass/2011_001866.png
~/projects/pascalvoc-training/dataset/pascalvoc/VOCdevkit/VOC2012/JPEGImages/2011_001875.jpg,~/projects/pascalvoc-training/dataset/pascalvoc/VOCdevkit/VOC2012/SegmentationClass/2011_001875.png
~/projects/pascalvoc-training/dataset/pascalvoc/VOCdevkit/VOC2012/JPEGImages/2011_001895.jpg,~/projects/pascalvoc-training/dataset/pascalvoc/VOCdevkit/VOC2012/SegmentationClass/2011_001895.png
~/projects/pascalvoc-training/dataset/pascalvoc/VOCdevkit/VOC2012/JPEGImages/2011_001902.jpg,~/projects/pascalvoc-training/dataset/pascalvoc/VOCdevkit/VOC2012/SegmentationClass/2011_001902.png
~/projects/pascalvoc-training/dataset/pascalvoc/VOCdevkit/VOC2012/JPEGImages/2011_001904.jpg,~/projects/pascalvoc-training/dataset/pascalvoc/VOCdevkit/VOC2012/SegmentationClass/2011_001904.png
~/projects/pascalvoc-training/dataset/pascalvoc/VOCdevkit/VOC2012/JPEGImages/2011_001922.jpg,~/projects/pascalvoc-training/dataset/pascalvoc/VOCdevkit/VOC2012/SegmentationClass/2011_001922.png
~/projects/pascalvoc-training/dataset/pascalvoc/VOCdevkit/VOC2012/JPEGImages/2011_001924.jpg,~/projects/pascalvoc-training/dataset/pascalvoc/VOCdevkit/VOC2012/SegmentationClass/2011_001924.png
~/projects/pascalvoc-training/dataset/pascalvoc/VOCdevkit/VOC2012/JPEGImages/2011_001928.jpg,~/projects/pascalvoc-training/dataset/pascalvoc/VOCdevkit/VOC2012/SegmentationClass/2011_001928.png
~/projects/pascalvoc-training/dataset/pascalvoc/VOCdevkit/VOC2012/JPEGImages/2011_001959.jpg,~/projects/pascalvoc-training/dataset/pascalvoc/VOCdevkit/VOC2012/SegmentationClass/2011_001959.png
~/projects/pascalvoc-training/dataset/pascalvoc/VOCdevkit/VOC2012/JPEGImages/2011_001967.jpg,~/projects/pascalvoc-training/dataset/pascalvoc/VOCdevkit/VOC2012/SegmentationClass/2011_001967.png
~/projects/pascalvoc-training/dataset/pascalvoc/VOCdevkit/VOC2012/JPEGImages/2011_001972.jpg,~/projects/pascalvoc-training/dataset/pascalvoc/VOCdevkit/VOC2012/SegmentationClass/2011_001972.png
~/projects/pascalvoc-training/dataset/pascalvoc/VOCdevkit/VOC2012/JPEGImages/2011_001974.jpg,~/projects/pascalvoc-training/dataset/pascalvoc/VOCdevkit/VOC2012/SegmentationClass/2011_001974.png
~/projects/pascalvoc-training/dataset/pascalvoc/VOCdevkit/VOC2012/JPEGImages/2011_001991.jpg,~/projects/pascalvoc-training/dataset/pascalvoc/VOCdevkit/VOC2012/SegmentationClass/2011_001991.png
~/projects/pascalvoc-training/dataset/pascalvoc/VOCdevkit/VOC2012/JPEGImages/2011_002027.jpg,~/projects/pascalvoc-training/dataset/pascalvoc/VOCdevkit/VOC2012/SegmentationClass/2011_002027.png
~/projects/pascalvoc-training/dataset/pascalvoc/VOCdevkit/VOC2012/JPEGImages/2011_002050.jpg,~/projects/pascalvoc-training/dataset/pascalvoc/VOCdevkit/VOC2012/SegmentationClass/2011_002050.png
~/projects/pascalvoc-training/dataset/pascalvoc/VOCdevkit/VOC2012/JPEGImages/2011_002107.jpg,~/projects/pascalvoc-training/dataset/pascalvoc/VOCdevkit/VOC2012/SegmentationClass/2011_002107.png
~/projects/pascalvoc-training/dataset/pascalvoc/VOCdevkit/VOC2012/JPEGImages/2011_002111.jpg,~/projects/pascalvoc-training/dataset/pascalvoc/VOCdevkit/VOC2012/SegmentationClass/2011_002111.png
~/projects/pascalvoc-training/dataset/pascalvoc/VOCdevkit/VOC2012/JPEGImages/2011_002114.jpg,~/projects/pascalvoc-training/dataset/pascalvoc/VOCdevkit/VOC2012/SegmentationClass/2011_002114.png
~/projects/pascalvoc-training/dataset/pascalvoc/VOCdevkit/VOC2012/JPEGImages/2011_002119.jpg,~/projects/pascalvoc-training/dataset/pascalvoc/VOCdevkit/VOC2012/SegmentationClass/2011_002119.png
~/projects/pascalvoc-training/dataset/pascalvoc/VOCdevkit/VOC2012/JPEGImages/2011_002134.jpg,~/projects/pascalvoc-training/dataset/pascalvoc/VOCdevkit/VOC2012/SegmentationClass/2011_002134.png
~/projects/pascalvoc-training/dataset/pascalvoc/VOCdevkit/VOC2012/JPEGImages/2011_002135.jpg,~/projects/pascalvoc-training/dataset/pascalvoc/VOCdevkit/VOC2012/SegmentationClass/2011_002135.png
~/projects/pascalvoc-training/dataset/pascalvoc/VOCdevkit/VOC2012/JPEGImages/2011_002149.jpg,~/projects/pascalvoc-training/dataset/pascalvoc/VOCdevkit/VOC2012/SegmentationClass/2011_002149.png
~/projects/pascalvoc-training/dataset/pascalvoc/VOCdevkit/VOC2012/JPEGImages/2011_002222.jpg,~/projects/pascalvoc-training/dataset/pascalvoc/VOCdevkit/VOC2012/SegmentationClass/2011_002222.png
~/projects/pascalvoc-training/dataset/pascalvoc/VOCdevkit/VOC2012/JPEGImages/2011_002224.jpg,~/projects/pascalvoc-training/dataset/pascalvoc/VOCdevkit/VOC2012/SegmentationClass/2011_002224.png
~/projects/pascalvoc-training/dataset/pascalvoc/VOCdevkit/VOC2012/JPEGImages/2011_002227.jpg,~/projects/pascalvoc-training/dataset/pascalvoc/VOCdevkit/VOC2012/SegmentationClass/2011_002227.png
~/projects/pascalvoc-training/dataset/pascalvoc/VOCdevkit/VOC2012/JPEGImages/2011_002246.jpg,~/projects/pascalvoc-training/dataset/pascalvoc/VOCdevkit/VOC2012/SegmentationClass/2011_002246.png
~/projects/pascalvoc-training/dataset/pascalvoc/VOCdevkit/VOC2012/JPEGImages/2011_002291.jpg,~/projects/pascalvoc-training/dataset/pascalvoc/VOCdevkit/VOC2012/SegmentationClass/2011_002291.png
~/projects/pascalvoc-training/dataset/pascalvoc/VOCdevkit/VOC2012/JPEGImages/2011_002300.jpg,~/projects/pascalvoc-training/dataset/pascalvoc/VOCdevkit/VOC2012/SegmentationClass/2011_002300.png
~/projects/pascalvoc-training/dataset/pascalvoc/VOCdevkit/VOC2012/JPEGImages/2011_002303.jpg,~/projects/pascalvoc-training/dataset/pascalvoc/VOCdevkit/VOC2012/SegmentationClass/2011_002303.png
~/projects/pascalvoc-training/dataset/pascalvoc/VOCdevkit/VOC2012/JPEGImages/2011_002335.jpg,~/projects/pascalvoc-training/dataset/pascalvoc/VOCdevkit/VOC2012/SegmentationClass/2011_002335.png
~/projects/pascalvoc-training/dataset/pascalvoc/VOCdevkit/VOC2012/JPEGImages/2011_002341.jpg,~/projects/pascalvoc-training/dataset/pascalvoc/VOCdevkit/VOC2012/SegmentationClass/2011_002341.png
~/projects/pascalvoc-training/dataset/pascalvoc/VOCdevkit/VOC2012/JPEGImages/2011_002350.jpg,~/projects/pascalvoc-training/dataset/pascalvoc/VOCdevkit/VOC2012/SegmentationClass/2011_002350.png
~/projects/pascalvoc-training/dataset/pascalvoc/VOCdevkit/VOC2012/JPEGImages/2011_002381.jpg,~/projects/pascalvoc-training/dataset/pascalvoc/VOCdevkit/VOC2012/SegmentationClass/2011_002381.png
~/projects/pascalvoc-training/dataset/pascalvoc/VOCdevkit/VOC2012/JPEGImages/2011_002385.jpg,~/projects/pascalvoc-training/dataset/pascalvoc/VOCdevkit/VOC2012/SegmentationClass/2011_002385.png
~/projects/pascalvoc-training/dataset/pascalvoc/VOCdevkit/VOC2012/JPEGImages/2011_002389.jpg,~/projects/pascalvoc-training/dataset/pascalvoc/VOCdevkit/VOC2012/SegmentationClass/2011_002389.png
~/projects/pascalvoc-training/dataset/pascalvoc/VOCdevkit/VOC2012/JPEGImages/2011_002398.jpg,~/projects/pascalvoc-training/dataset/pascalvoc/VOCdevkit/VOC2012/SegmentationClass/2011_002398.png
~/projects/pascalvoc-training/dataset/pascalvoc/VOCdevkit/VOC2012/JPEGImages/2011_002410.jpg,~/projects/pascalvoc-training/dataset/pascalvoc/VOCdevkit/VOC2012/SegmentationClass/2011_002410.png
~/projects/pascalvoc-training/dataset/pascalvoc/VOCdevkit/VOC2012/JPEGImages/2011_002447.jpg,~/projects/pascalvoc-training/dataset/pascalvoc/VOCdevkit/VOC2012/SegmentationClass/2011_002447.png
~/projects/pascalvoc-training/dataset/pascalvoc/VOCdevkit/VOC2012/JPEGImages/2011_002457.jpg,~/projects/pascalvoc-training/dataset/pascalvoc/VOCdevkit/VOC2012/SegmentationClass/2011_002457.png
~/projects/pascalvoc-training/dataset/pascalvoc/VOCdevkit/VOC2012/JPEGImages/2011_002464.jpg,~/projects/pascalvoc-training/dataset/pascalvoc/VOCdevkit/VOC2012/SegmentationClass/2011_002464.png
~/projects/pascalvoc-training/dataset/pascalvoc/VOCdevkit/VOC2012/JPEGImages/2011_002488.jpg,~/projects/pascalvoc-training/dataset/pascalvoc/VOCdevkit/VOC2012/SegmentationClass/2011_002488.png
~/projects/pascalvoc-training/dataset/pascalvoc/VOCdevkit/VOC2012/JPEGImages/2011_002503.jpg,~/projects/pascalvoc-training/dataset/pascalvoc/VOCdevkit/VOC2012/SegmentationClass/2011_002503.png
~/projects/pascalvoc-training/dataset/pascalvoc/VOCdevkit/VOC2012/JPEGImages/2011_002504.jpg,~/projects/pascalvoc-training/dataset/pascalvoc/VOCdevkit/VOC2012/SegmentationClass/2011_002504.png
~/projects/pascalvoc-training/dataset/pascalvoc/VOCdevkit/VOC2012/JPEGImages/2011_002511.jpg,~/projects/pascalvoc-training/dataset/pascalvoc/VOCdevkit/VOC2012/SegmentationClass/2011_002511.png
~/projects/pascalvoc-training/dataset/pascalvoc/VOCdevkit/VOC2012/JPEGImages/2011_002528.jpg,~/projects/pascalvoc-training/dataset/pascalvoc/VOCdevkit/VOC2012/SegmentationClass/2011_002528.png
~/projects/pascalvoc-training/dataset/pascalvoc/VOCdevkit/VOC2012/JPEGImages/2011_002553.jpg,~/projects/pascalvoc-training/dataset/pascalvoc/VOCdevkit/VOC2012/SegmentationClass/2011_002553.png
~/projects/pascalvoc-training/dataset/pascalvoc/VOCdevkit/VOC2012/JPEGImages/2011_002559.jpg,~/projects/pascalvoc-training/dataset/pascalvoc/VOCdevkit/VOC2012/SegmentationClass/2011_002559.png
~/projects/pascalvoc-training/dataset/pascalvoc/VOCdevkit/VOC2012/JPEGImages/2011_002561.jpg,~/projects/pascalvoc-training/dataset/pascalvoc/VOCdevkit/VOC2012/SegmentationClass/2011_002561.png
~/projects/pascalvoc-training/dataset/pascalvoc/VOCdevkit/VOC2012/JPEGImages/2011_002585.jpg,~/projects/pascalvoc-training/dataset/pascalvoc/VOCdevkit/VOC2012/SegmentationClass/2011_002585.png
~/projects/pascalvoc-training/dataset/pascalvoc/VOCdevkit/VOC2012/JPEGImages/2011_002590.jpg,~/projects/pascalvoc-training/dataset/pascalvoc/VOCdevkit/VOC2012/SegmentationClass/2011_002590.png
~/projects/pascalvoc-training/dataset/pascalvoc/VOCdevkit/VOC2012/JPEGImages/2011_002652.jpg,~/projects/pascalvoc-training/dataset/pascalvoc/VOCdevkit/VOC2012/SegmentationClass/2011_002652.png
~/projects/pascalvoc-training/dataset/pascalvoc/VOCdevkit/VOC2012/JPEGImages/2011_002656.jpg,~/projects/pascalvoc-training/dataset/pascalvoc/VOCdevkit/VOC2012/SegmentationClass/2011_002656.png
~/projects/pascalvoc-training/dataset/pascalvoc/VOCdevkit/VOC2012/JPEGImages/2011_002709.jpg,~/projects/pascalvoc-training/dataset/pascalvoc/VOCdevkit/VOC2012/SegmentationClass/2011_002709.png
~/projects/pascalvoc-training/dataset/pascalvoc/VOCdevkit/VOC2012/JPEGImages/2011_002715.jpg,~/projects/pascalvoc-training/dataset/pascalvoc/VOCdevkit/VOC2012/SegmentationClass/2011_002715.png
~/projects/pascalvoc-training/dataset/pascalvoc/VOCdevkit/VOC2012/JPEGImages/2011_002717.jpg,~/projects/pascalvoc-training/dataset/pascalvoc/VOCdevkit/VOC2012/SegmentationClass/2011_002717.png
~/projects/pascalvoc-training/dataset/pascalvoc/VOCdevkit/VOC2012/JPEGImages/2011_002752.jpg,~/projects/pascalvoc-training/dataset/pascalvoc/VOCdevkit/VOC2012/SegmentationClass/2011_002752.png
~/projects/pascalvoc-training/dataset/pascalvoc/VOCdevkit/VOC2012/JPEGImages/2011_002767.jpg,~/projects/pascalvoc-training/dataset/pascalvoc/VOCdevkit/VOC2012/SegmentationClass/2011_002767.png
~/projects/pascalvoc-training/dataset/pascalvoc/VOCdevkit/VOC2012/JPEGImages/2011_002770.jpg,~/projects/pascalvoc-training/dataset/pascalvoc/VOCdevkit/VOC2012/SegmentationClass/2011_002770.png
~/projects/pascalvoc-training/dataset/pascalvoc/VOCdevkit/VOC2012/JPEGImages/2011_002834.jpg,~/projects/pascalvoc-training/dataset/pascalvoc/VOCdevkit/VOC2012/SegmentationClass/2011_002834.png
~/projects/pascalvoc-training/dataset/pascalvoc/VOCdevkit/VOC2012/JPEGImages/2011_002851.jpg,~/projects/pascalvoc-training/dataset/pascalvoc/VOCdevkit/VOC2012/SegmentationClass/2011_002851.png
~/projects/pascalvoc-training/dataset/pascalvoc/VOCdevkit/VOC2012/JPEGImages/2011_002872.jpg,~/projects/pascalvoc-training/dataset/pascalvoc/VOCdevkit/VOC2012/SegmentationClass/2011_002872.png
~/projects/pascalvoc-training/dataset/pascalvoc/VOCdevkit/VOC2012/JPEGImages/2011_002873.jpg,~/projects/pascalvoc-training/dataset/pascalvoc/VOCdevkit/VOC2012/SegmentationClass/2011_002873.png
~/projects/pascalvoc-training/dataset/pascalvoc/VOCdevkit/VOC2012/JPEGImages/2011_002920.jpg,~/projects/pascalvoc-training/dataset/pascalvoc/VOCdevkit/VOC2012/SegmentationClass/2011_002920.png
~/projects/pascalvoc-training/dataset/pascalvoc/VOCdevkit/VOC2012/JPEGImages/2011_002932.jpg,~/projects/pascalvoc-training/dataset/pascalvoc/VOCdevkit/VOC2012/SegmentationClass/2011_002932.png
~/projects/pascalvoc-training/dataset/pascalvoc/VOCdevkit/VOC2012/JPEGImages/2011_002935.jpg,~/projects/pascalvoc-training/dataset/pascalvoc/VOCdevkit/VOC2012/SegmentationClass/2011_002935.png
~/projects/pascalvoc-training/dataset/pascalvoc/VOCdevkit/VOC2012/JPEGImages/2011_002947.jpg,~/projects/pascalvoc-training/dataset/pascalvoc/VOCdevkit/VOC2012/SegmentationClass/2011_002947.png
~/projects/pascalvoc-training/dataset/pascalvoc/VOCdevkit/VOC2012/JPEGImages/2011_002953.jpg,~/projects/pascalvoc-training/dataset/pascalvoc/VOCdevkit/VOC2012/SegmentationClass/2011_002953.png
~/projects/pascalvoc-training/dataset/pascalvoc/VOCdevkit/VOC2012/JPEGImages/2011_002956.jpg,~/projects/pascalvoc-training/dataset/pascalvoc/VOCdevkit/VOC2012/SegmentationClass/2011_002956.png
~/projects/pascalvoc-training/dataset/pascalvoc/VOCdevkit/VOC2012/JPEGImages/2011_003025.jpg,~/projects/pascalvoc-training/dataset/pascalvoc/VOCdevkit/VOC2012/SegmentationClass/2011_003025.png
~/projects/pascalvoc-training/dataset/pascalvoc/VOCdevkit/VOC2012/JPEGImages/2011_003038.jpg,~/projects/pascalvoc-training/dataset/pascalvoc/VOCdevkit/VOC2012/SegmentationClass/2011_003038.png
~/projects/pascalvoc-training/dataset/pascalvoc/VOCdevkit/VOC2012/JPEGImages/2011_003057.jpg,~/projects/pascalvoc-training/dataset/pascalvoc/VOCdevkit/VOC2012/SegmentationClass/2011_003057.png
~/projects/pascalvoc-training/dataset/pascalvoc/VOCdevkit/VOC2012/JPEGImages/2011_003066.jpg,~/projects/pascalvoc-training/dataset/pascalvoc/VOCdevkit/VOC2012/SegmentationClass/2011_003066.png
~/projects/pascalvoc-training/dataset/pascalvoc/VOCdevkit/VOC2012/JPEGImages/2011_003078.jpg,~/projects/pascalvoc-training/dataset/pascalvoc/VOCdevkit/VOC2012/SegmentationClass/2011_003078.png
~/projects/pascalvoc-training/dataset/pascalvoc/VOCdevkit/VOC2012/JPEGImages/2011_003121.jpg,~/projects/pascalvoc-training/dataset/pascalvoc/VOCdevkit/VOC2012/SegmentationClass/2011_003121.png
~/projects/pascalvoc-training/dataset/pascalvoc/VOCdevkit/VOC2012/JPEGImages/2011_003141.jpg,~/projects/pascalvoc-training/dataset/pascalvoc/VOCdevkit/VOC2012/SegmentationClass/2011_003141.png
~/projects/pascalvoc-training/dataset/pascalvoc/VOCdevkit/VOC2012/JPEGImages/2011_003151.jpg,~/projects/pascalvoc-training/dataset/pascalvoc/VOCdevkit/VOC2012/SegmentationClass/2011_003151.png
~/projects/pascalvoc-training/dataset/pascalvoc/VOCdevkit/VOC2012/JPEGImages/2011_003184.jpg,~/projects/pascalvoc-training/dataset/pascalvoc/VOCdevkit/VOC2012/SegmentationClass/2011_003184.png
~/projects/pascalvoc-training/dataset/pascalvoc/VOCdevkit/VOC2012/JPEGImages/2011_003216.jpg,~/projects/pascalvoc-training/dataset/pascalvoc/VOCdevkit/VOC2012/SegmentationClass/2011_003216.png
~/projects/pascalvoc-training/dataset/pascalvoc/VOCdevkit/VOC2012/JPEGImages/2011_003238.jpg,~/projects/pascalvoc-training/dataset/pascalvoc/VOCdevkit/VOC2012/SegmentationClass/2011_003238.png
~/projects/pascalvoc-training/dataset/pascalvoc/VOCdevkit/VOC2012/JPEGImages/2011_003246.jpg,~/projects/pascalvoc-training/dataset/pascalvoc/VOCdevkit/VOC2012/SegmentationClass/2011_003246.png
~/projects/pascalvoc-training/dataset/pascalvoc/VOCdevkit/VOC2012/JPEGImages/2011_003255.jpg,~/projects/pascalvoc-training/dataset/pascalvoc/VOCdevkit/VOC2012/SegmentationClass/2011_003255.png
